id,domain,status,purchase_price,renewal_price,attractiveness,demand,length,registrar,created_at,expires_at,status_verified_at
1c409cc5-0ad8-4b0f-8d44-2b0dfee5ad6a,puddle.earth,premium,29.5,29.5,high,low,6,namesilo,,,13/09/2026 09:43
d3367475-f308-4f2f-a698-89138a1e0273,baguette.earth,available,18.99,18.99,high,low,8,namesilo,,,29/09/2026 00:33
78e69004-c420-463a-96f8-e98bc1c8bd2c,onset.earth,available,18.99,18.99,high,low,5,namesilo,,,04/09/2026 14:29
f1741cb0-105e-45a4-b138-9e6f46db340b,beanie.earth,available,19.98,27.98,high,low,6,namecheap,,,22/09/2026 20:31
77d792d6-39a5-4338-b177-ae1d478e6ac1,grievous.earth,available,18.99,18.99,medium,low,8,namesilo,,,07/08/2026 14:41
ead5eb46-67cc-4fcf-aa6b-d8e349a06dd6,uut.earth,available,18.99,18.99,medium,low,3,namesilo,,,20/09/2026 22:17
261e3f74-d449-48b8-8edd-e317dc717fb5,bills.earth,available,19.98,27.98,medium,low,5,namecheap,,,18/09/2026 06:49
2b280545-cdaa-43f6-a69f-01db103795f2,stunting.earth,available,18.99,18.99,medium,low,8,namesilo,,,17/09/2026 12:54
b646da80-d10b-4bad-aa9a-b01c9d3a08ef,audiogram.earth,available,18.99,18.99,medium,low,9,namesilo,,,21/09/2026 02:55
e94ab15c-ab1c-49bd-b91a-dc3837470cc6,wrongful.earth,available,19.98,27.98,medium,low,8,namecheap,,,28/09/2026 11:11
6ca2ae2b-ea82-4c4d-817d-c2fbc1881105,ernie.earth,available,19.98,27.98,high,low,5,namecheap,,,27/09/2026 07:15
022cfd74-7408-49b5-aa6b-47990771f68d,ignatius.earth,available,18.99,18.99,medium,low,8,namesilo,,,27/09/2026 14:14
6ef8b3f3-f4fa-43ad-840c-208c3f67ac1b,horsehead.earth,available,18.99,18.99,medium,low,9,namesilo,,,20/09/2026 21:40
87c371ff-8c3e-414a-a73c-25454d74cfb0,sergey.earth,available,18.99,18.99,medium,low,6,namesilo,,,29/09/2026 04:18
cf0e9a07-77cc-4b71-9b5a-f2130ef58c22,gravity.earth,premium,153.6,153.6,high,medium,7,namesilo,,,27/09/2026 13:53
1db53990-08bf-4ff6-b146-e6c042488e7d,acheson.earth,available,18.99,18.99,medium,low,7,namesilo,,,17/09/2026 00:31
48c7cf22-82f3-4934-9179-e37f3d75f12b,angevine.earth,available,18.99,18.99,medium,low,8,namesilo,,,19/09/2026 06:07
5c38c41f-fb7c-4235-b646-62ff012e19b0,cynicism.earth,available,19.98,27.98,medium,low,8,namecheap,,,24/09/2026 20:49
ec260a9d-f3f5-4d9e-83f1-33749f662dbd,firewood.earth,available,18.99,18.99,high,low,8,namesilo,,,30/09/2026 01:38
760169a1-cc47-465c-b9d0-ad09feb2f39d,unrepaired.earth,available,19.98,27.98,medium,low,10,namecheap,,,12/09/2026 18:17
dc8bea41-721f-44ba-aaf4-59dd36114952,inhalant.earth,available,18.99,18.99,high,low,8,namesilo,,,22/08/2026 05:02
3804aff3-df07-41e6-897f-efd58d28c83a,agrestic.earth,available,19.98,27.98,medium,low,8,namecheap,,,
2b8936cb-fd5d-478e-80f7-f4cd139b0f1f,augustine.earth,available,18.99,18.99,high,low,9,namesilo,,,21/09/2026 04:01
6f76e4e7-3765-47f4-b547-3a79f7e410e1,insulting.earth,available,18.99,18.99,medium,low,9,namesilo,,,23/09/2026 21:52
b0691418-2bcb-424b-8347-354e843777b9,coolly.earth,available,18.99,18.99,medium,low,6,namesilo,,,28/09/2026 14:20
964954e9-291b-450b-97b5-efdefcbfeada,doubts.earth,available,16.27,16.27,low,low,6,dynadot,,,28/09/2026 04:45
42958a47-1047-4696-9fdc-58a62c43cba0,pilar.earth,available,18.99,18.99,high,medium,5,namesilo,,,08/09/2026 19:37
486d289e-4c37-441f-bac6-2119fff08a51,ownerless.earth,available,18.99,18.99,medium,low,9,namesilo,,,04/09/2026 22:18
570cba90-8d70-4cfb-aa09-85e364ca41d9,grassless.earth,available,19.98,27.98,high,low,9,namecheap,,,20/08/2026 18:13
8e48cb6d-fec2-449d-aead-f52c6dc6c6fd,inflict.earth,available,18.99,18.99,high,low,7,namesilo,,,30/09/2026 03:14
7eeca474-0c09-46d9-bb69-01deed28dad0,solvable.earth,available,16.27,16.27,high,low,8,dynadot,,,27/09/2026 12:17
170a1672-ef64-43cc-994b-7a578067038c,wigeon.earth,available,18.99,18.99,medium,low,6,namesilo,,,19/09/2026 03:00
34707de0-70c5-4653-bbdb-470517dad0fa,instrumental.earth,available,18.99,18.99,high,low,12,namesilo,,,29/09/2026 08:27
5142affc-8b5a-4efd-9fb3-2311c7cdb714,trenchant.earth,available,18.99,18.99,medium,low,9,namesilo,,,12/08/2026 10:33
fc8e6cfc-efa7-4840-accf-14cc592eb5c8,taught.earth,available,18.99,18.99,medium,low,6,namesilo,,,27/09/2026 02:04
5382c9a7-ac77-455d-a572-f7090cd21c0a,telly.earth,available,18.99,18.99,high,low,5,namesilo,,,24/09/2026 06:44
c501d5cb-7dc0-49c9-8469-72160089ea5c,cavalier.earth,available,18.99,18.99,high,low,8,namesilo,,,11/08/2026 22:48
41170ac1-7d61-493f-8d37-798333ecc6ad,refusing.earth,available,18.99,18.99,low,low,8,namesilo,,,17/09/2026 15:40
703a37f5-7402-4a83-a467-a209664a84ba,lineages.earth,available,16.27,16.27,low,low,8,dynadot,,,28/09/2026 09:04
03baf24c-0ca0-410a-9b94-3f1444d24cb0,headfirst.earth,available,18.99,18.99,medium,low,9,namesilo,,,21/08/2026 01:52
a76332c1-1c79-403d-b9fe-1c029eac7853,onstage.earth,available,19.98,27.98,high,low,8,namecheap,,,16/09/2026 19:36
25185455-f299-4094-84b2-c750712a7938,danzig.earth,available,18.99,18.99,medium,low,6,namesilo,,,28/09/2026 09:29
f75ff645-bc2c-42fb-a4c0-d30ed40beac2,nutella.earth,available,18.99,18.99,high,medium,7,namesilo,,,19/09/2026 10:13
4f048519-a837-4ba5-939e-934c17692c18,gdr.earth,available,15.96,15.96,high,low,3,porkbun,,,28/09/2026 07:11
c62e8d9a-534d-4686-b1d1-0b22df2973d3,profundity.earth,available,19.98,27.98,medium,low,10,namecheap,,,16/09/2026 18:38
3131a8e2-2fd6-4f6e-8b38-24a035ad267a,mabel.earth,available,19.98,27.98,high,low,5,namecheap,,,25/09/2026 13:35
453958eb-d021-4e9f-9de1-5bf4bac326c8,fodder.earth,available,18.99,18.99,medium,low,6,namesilo,,,24/09/2026 12:05
79a023d4-0c18-40a1-b461-1ba5214bf2ac,containing.earth,available,16.27,16.27,medium,low,10,dynadot,,,29/09/2026 03:15
0f98d961-e753-4050-8168-07ba9a7aa99f,shouter.earth,available,19.98,27.98,medium,low,7,namecheap,,,22/09/2026 17:05
9e7f2378-ce43-4e9c-8e70-38a8906e5113,breeds.earth,available,18.99,18.99,medium,low,6,namesilo,,,20/09/2026 01:09
3e4f7c49-50b4-4c15-9d0f-6fb31634c7fb,managerial.earth,available,18.99,18.99,high,low,10,namesilo,,,24/08/2026 14:32
b575c046-bf0e-44d1-b63e-aff770390fff,washy.earth,available,18.99,18.99,medium,low,5,namesilo,,,10/08/2026 13:56
177c595a-7723-4f4c-8991-655d630accc5,bight.earth,available,18.99,18.99,medium,low,5,namesilo,,,23/09/2026 15:12
721f12a5-8d7a-4b31-944d-db80b930e4ba,applet.earth,available,19.98,27.98,high,low,6,namecheap,,,19/09/2026 21:38
135fe7f3-d856-4e56-9236-1d2ef09b581a,aspherical.earth,available,18.99,18.99,medium,low,10,namesilo,,,07/08/2026 04:57
4fd48acb-62d0-42c5-8d9c-6caa259cb3af,elsie.earth,available,18.99,18.99,high,low,5,namesilo,,,27/09/2026 07:34
10e0ff1e-b7ce-4745-8a2c-532eae83b416,truro.earth,available,15.96,15.96,medium,low,5,porkbun,,,30/09/2026 13:15
40f9eb12-e14a-4278-9a1a-ed999bac5b86,mentioning.earth,available,19.98,27.98,medium,low,10,namecheap,,,17/09/2026 21:20
bd42a719-4ba8-4dd7-8345-3871b730d704,tito.earth,available,19.98,27.98,high,low,4,namecheap,,,25/09/2026 23:21
e71f9246-fe3e-4043-a515-8218d5cd256f,waylay.earth,available,18.99,18.99,medium,low,6,namesilo,,,18/09/2026 17:32
f81c9492-c58b-4592-822c-ac769d7e0ab7,ffa.earth,available,18.99,18.99,high,low,3,namesilo,,,29/09/2026 21:38
296e36ff-2ad4-4168-859b-8bfe3f15501e,baa.earth,available,18.99,18.99,high,low,3,namesilo,,,10/08/2026 13:40
7a530005-50a5-47c3-b18b-c58091799a98,ripping.earth,available,18.99,18.99,medium,low,7,namesilo,,,09/09/2026 13:59
e5109758-59da-4b61-ab47-f1cbf9428af6,underfoot.earth,available,19.98,27.98,high,low,9,namecheap,,,16/09/2026 09:56
6bb5ab87-1b21-4142-b55a-50cc2845b2b4,toxin.earth,available,19.98,27.98,high,low,5,namecheap,,,30/09/2026 03:03
075dead2-9aba-42a1-8b1b-3e3e527fe03a,achondrite.earth,available,19.98,27.98,medium,low,10,namecheap,,,17/09/2026 00:54
917e81f9-6ddc-4fd0-a7a3-8cf3312f4833,distract.earth,available,18.99,18.99,high,low,8,namesilo,,,29/09/2026 16:05
ec76aea5-4e9f-486e-9468-95e11e90e700,allie.earth,available,19.98,27.98,high,low,5,namecheap,,,17/09/2026 22:42
887ade1f-745d-44df-acd5-8209670b075b,fluffy.earth,available,19.98,27.98,high,low,6,namecheap,,,14/08/2026 17:46
98b9fe79-d622-40de-9316-0b47903647fd,deacon.earth,available,19.98,27.98,high,low,6,namecheap,,,30/09/2026 09:20
08b78e1e-00ab-42cb-b587-5950365f8259,lambent.earth,available,18.99,18.99,medium,low,7,namesilo,,,
e8ba425a-9ca5-4f9e-b0f6-726a03e5d0dc,diameter.earth,premium,66.02,66.02,high,low,8,porkbun,,,29/09/2026 18:38
8da9557a-82a7-4635-9bb1-a43114b93141,tenanted.earth,available,18.99,18.99,medium,low,8,namesilo,,,11/09/2026 11:09
e4ce5d59-871a-40d5-a0b6-3982a4464f7b,comal.earth,available,19.98,27.98,low,low,5,namecheap,,,12/08/2026 18:23
7d6dc812-3dda-436b-9309-9b830aaab87d,intimate.earth,available,18.99,18.99,high,low,8,namesilo,,,25/09/2026 10:27
a16529fb-48f5-4c9d-9d62-c34ed6e0b231,barrelfish.earth,available,18.99,18.99,medium,low,10,namesilo,,,22/09/2026 08:20
94a01f73-f79d-4d8f-abee-2b5819f1fed7,girdle.earth,available,18.99,18.99,high,low,6,namesilo,,,24/09/2026 15:02
611fcbd4-896e-4716-b1db-1fb21a1a9e52,teenaged.earth,available,18.99,18.99,medium,low,8,namesilo,,,19/09/2026 04:34
9cae4ace-20c0-4cfc-b58d-50ac7074277f,gravid.earth,available,18.99,18.99,medium,low,6,namesilo,,,16/08/2026 22:11
a8cd14ea-0f79-4017-be73-98f5fd53febd,rca.earth,available,18.99,18.99,high,medium,3,namesilo,,,25/09/2026 14:08
3768dc15-b442-481f-849a-1cc5f385356e,cognizance.earth,available,19.98,27.98,high,low,10,namecheap,,,21/09/2026 09:59
a52dc852-1143-4b25-bdba-4abc4941580a,abnormalcy.earth,available,18.99,18.99,medium,low,10,namesilo,,,16/09/2026 16:19
309a07da-be29-428e-858a-6bb61b20cc45,dissemble.earth,available,18.99,18.99,high,low,9,namesilo,,,09/09/2026 01:49
b44bc4fa-3495-49ca-87d5-adb0bb395e36,buns.earth,available,18.99,18.99,medium,low,4,namesilo,,,09/08/2026 10:54
47af6de8-888c-41f6-adf9-4e1634bec783,cedric.earth,available,18.99,18.99,medium,low,6,namesilo,,,29/09/2026 11:42
e347cd93-43f7-4436-b991-7d950bf152d4,spaceward.earth,available,18.99,18.99,medium,low,9,namesilo,,,16/09/2026 05:42
4eb94c79-8dd4-49eb-8a29-58f3b3f7f9f0,transonic.earth,available,18.99,18.99,medium,low,9,namesilo,,,10/09/2026 14:11
1941f305-8416-4f67-8949-41c89e56456f,maris.earth,available,16.27,16.27,high,low,5,dynadot,,,30/09/2026 05:12
6a4d4406-79b2-4e42-84d3-dcc399410957,vestibule.earth,available,18.99,18.99,high,low,9,namesilo,,,19/09/2026 12:47
ce0fa4c0-37bc-4fc0-9e40-514b7e65f52d,clare.earth,available,15.96,15.96,high,low,5,porkbun,,,29/09/2026 03:17
6b8cd21f-d1ab-47dd-9b48-4ad96ae2765c,bmt.earth,available,15.96,15.96,high,low,3,porkbun,,,30/09/2026 20:59
200ca5bd-7bfa-4964-84cd-8169367ae7bb,garments.earth,available,15.96,15.96,medium,low,8,porkbun,,,30/09/2026 23:02
0299530d-bb54-4e96-8d85-7eb87f9a18f7,mulish.earth,available,18.99,18.99,low,low,6,namesilo,,,21/08/2026 00:45
718f8efd-5bf3-4f16-b3fa-e6bcddee0f7f,diminutive.earth,available,18.99,18.99,medium,low,10,namesilo,,,08/08/2026 14:10
ca4358b4-fcbe-4b21-8e81-94fe4d22e594,pretzel.earth,available,18.99,18.99,high,low,7,namesilo,,,30/09/2026 07:15
0e9f3d77-034a-4100-8864-e7294d2aad7a,wembley.earth,available,18.99,18.99,medium,low,7,namesilo,,,30/09/2026 11:20
36171b71-e158-48be-9f96-1072c6b371f6,leftist.earth,available,18.99,18.99,medium,low,7,namesilo,,,12/08/2026 17:05
97d94dbb-d207-4bea-abd3-ae7a37f13ea1,popish.earth,available,18.99,18.99,medium,low,6,namesilo,,,05/09/2026 01:32
c35c7474-e654-4753-a2e9-fe89705f1eef,serpentine.earth,available,18.99,18.99,medium,low,10,namesilo,,,10/09/2026 04:45
7f286150-3d6f-4b21-a372-0a5664ea22ac,shi.earth,available,18.99,18.99,medium,low,3,namesilo,,,30/09/2026 11:58
7d708d5d-713a-49c0-bc7c-853088e39aeb,harmon.earth,available,18.99,18.99,high,low,6,namesilo,,,27/09/2026 07:57
a27dc7c9-c6b7-4fde-b489-fec2b5370829,spared.earth,available,15.96,15.96,medium,low,6,porkbun,,,28/09/2026 17:48
4b80a58f-2467-458b-bd5f-60db4f97d58f,wahoo.earth,available,19.98,27.98,medium,low,5,namecheap,,,16/09/2026 20:48
b68cf15f-5afa-4d92-a0a1-c13bb6b9035c,beatific.earth,available,18.99,18.99,high,low,8,namesilo,,,
5e012416-305b-4596-92ea-bdef1c597157,bumping.earth,available,16.27,16.27,medium,low,7,dynadot,,,01/10/2026 06:22
a2889203-5bb2-45e3-a726-1f950ed0e428,abiders.earth,available,18.99,18.99,medium,low,7,namesilo,,,18/09/2026 03:55
296ec85e-4066-4002-9f00-c8fbf777acb6,karin.earth,premium,29.5,29.5,medium,low,5,namesilo,,,29/09/2026 04:04
4a2f298b-f03a-4ede-9f8d-569f866dcca2,lxx.earth,available,18.99,18.99,medium,low,3,namesilo,,,
fe1f4f49-3f5e-4525-8018-94585888cd28,euphonious.earth,available,18.99,18.99,medium,low,10,namesilo,,,17/08/2026 14:17
b25f85e9-1052-4998-b5f6-8108d00a50ae,taboo.earth,available,18.99,18.99,high,low,5,namesilo,,,18/08/2026 11:03
8dc4b71f-4938-4b11-940c-ec8dfec56e2c,queasy.earth,available,18.99,18.99,medium,low,6,namesilo,,,24/08/2026 08:26
2bda9569-0e35-4d54-8357-239607f76c0d,hymie.earth,available,18.99,18.99,high,medium,5,namesilo,,,10/09/2026 06:16
9ab7d5f2-8195-4684-b79f-65bcd667630a,ashcan.earth,available,18.99,18.99,medium,low,6,namesilo,,,20/09/2026 13:35
6f995ace-9c88-48a6-8d4e-69a8f7f0b7da,sloe.earth,available,18.99,18.99,high,low,4,namesilo,,,18/09/2026 10:21
6faab3b3-a1f3-4051-af31-c6799142f4d6,syncopated.earth,available,18.99,18.99,medium,low,10,namesilo,,,11/09/2026 06:19
2f1dcc89-515f-4494-92ee-b1590c12a93f,piddling.earth,available,18.99,18.99,medium,low,8,namesilo,,,18/08/2026 03:33
826eb529-596f-4fac-bc4e-55c68f89ea06,caswell.earth,available,18.99,18.99,medium,low,7,namesilo,,,30/09/2026 22:01
614038c2-03e6-453b-b978-c3e115953d7e,balochi.earth,available,18.99,18.99,medium,low,7,namesilo,,,21/09/2026 23:40
e6db3ad5-b8c3-45ed-849b-7da274a1ac59,placate.earth,available,18.99,18.99,high,low,7,namesilo,,,18/08/2026 22:12
88a4608d-211e-4077-bd8d-f1a35ddea7af,dispenser.earth,available,19.98,27.98,high,low,9,namecheap,,,24/09/2026 22:56
fbba2ae5-b50f-4a51-87d6-6406bed00697,rai.earth,available,19.98,27.98,high,low,3,namecheap,,,28/09/2026 04:12
46244794-934d-47b1-96a6-a549012d186e,multiplied.earth,available,18.99,18.99,high,low,10,namesilo,,,03/09/2026 10:54
f5846489-786f-49a1-ace0-d4a67d10f149,newsworthy.earth,available,18.99,18.99,high,low,10,namesilo,,,03/09/2026 16:53
e3671113-35d5-4ce7-96f7-a0d24238471d,squarely.earth,available,18.99,18.99,medium,low,8,namesilo,,,18/08/2026 12:39
681b2ebb-9c59-42aa-9085-4bec8e971f8a,spurious.earth,available,18.99,18.99,medium,low,8,namesilo,,,09/08/2026 00:03
742ca75b-2ed8-4be5-b89c-784b21785630,inability.earth,available,15.96,15.96,medium,low,9,porkbun,,,29/09/2026 07:19
cadf3f3d-83f9-4e04-b22d-8a8c48e95d9d,inapt.earth,available,18.99,18.99,medium,low,5,namesilo,,,21/08/2026 18:51
8b6ea235-91ed-4a64-8aa0-e0082e4782f5,triassic.earth,available,19.98,27.98,high,low,8,namecheap,,,11/09/2026 19:21
cc39a31f-be59-4075-834a-00cd84921406,doggedly.earth,available,18.99,18.99,medium,low,8,namesilo,,,14/09/2026 13:33
e2dd209f-00af-4883-aca3-c3dc66e77d67,blanche.earth,available,18.99,18.99,medium,low,7,namesilo,,,26/09/2026 03:36
66da6593-bf92-486f-af9c-e62b2d02fe97,emil.earth,available,18.99,18.99,high,low,4,namesilo,,,25/09/2026 15:33
333b2dd5-d1a8-42da-a7a8-51caf814d3c6,fireproof.earth,available,18.99,18.99,high,low,9,namesilo,,,18/08/2026 05:07
e9642953-fd97-4b0e-9e36-8cc8d69d2a7c,gop.earth,available,18.99,18.99,high,low,3,namesilo,,,28/09/2026 09:54
c25bfc77-3d1b-4154-b50c-6d34cbb06855,nitric.earth,available,18.99,18.99,medium,low,6,namesilo,,,08/08/2026 02:58
7279c0e1-579b-420a-b01a-184b61b7defb,burnham.earth,available,18.99,18.99,medium,low,7,namesilo,,,27/09/2026 03:24
fe2c17c3-4c75-4484-9eb9-bf71147f036b,lustfully.earth,available,18.99,18.99,low,low,9,namesilo,,,15/09/2026 13:12
0e2d42ce-7877-48fc-a953-59ee89c17190,obscurity.earth,available,19.98,27.98,high,low,9,namecheap,,,16/09/2026 18:33
1de5f0c9-96f7-44de-b151-c8154b7bab54,incubation.earth,available,18.99,18.99,high,low,10,namesilo,,,11/08/2026 06:10
e66b0123-4fcc-46d3-a958-6e4c63134a3e,soppy.earth,available,18.99,18.99,medium,low,5,namesilo,,,09/08/2026 01:14
a857a637-8996-4220-b7f3-12ecc70791f0,sacking.earth,available,19.98,27.98,medium,low,7,namecheap,,,21/09/2026 18:04
754e2ea7-2558-4b3e-95c7-4a7419aeb20e,cryptic.earth,available,18.99,18.99,high,low,7,namesilo,,,11/08/2026 12:17
a286a5a3-2f96-4a62-950c-457b073ee677,subport.earth,available,15.96,15.96,medium,low,7,porkbun,,,28/09/2026 16:14
2fccc029-522e-4689-9c54-df148ad009f6,donated.earth,available,16.27,16.27,medium,low,7,dynadot,,,29/09/2026 00:11
dfaadf73-8aa4-4efe-bca6-53b2bfbbd8d2,lovesick.earth,available,18.99,18.99,medium,low,8,namesilo,,,24/08/2026 10:18
81082017-ac67-41ec-baf5-07defb1dbf67,bauble.earth,available,18.99,18.99,medium,low,6,namesilo,,,22/09/2026 16:31
2df01296-dfc1-46a0-a1e0-5176ba61a93c,equivalent.earth,available,18.99,18.99,high,low,10,namesilo,,,24/09/2026 14:50
4ca2878f-8c72-4cf9-ade6-1589b4830695,hindi.earth,available,18.99,18.99,medium,low,5,namesilo,,,21/08/2026 09:32
3c0446fc-e500-485d-9cf4-0966593175ea,airliner.earth,available,18.99,18.99,high,low,8,namesilo,,,17/09/2026 23:14
786befda-7770-4e73-aeeb-0aca65105c9f,hoff.earth,available,18.99,18.99,medium,low,4,namesilo,,,29/09/2026 21:37
eac7dcd5-d138-423a-b591-342a4d0e6d1a,sketchy.earth,available,18.99,18.99,high,low,7,namesilo,,,10/09/2026 09:18
979d5ea6-007c-4141-b86c-3e322754c64a,zagreb.earth,available,18.99,18.99,high,low,6,namesilo,,,28/09/2026 06:54
ce3085cc-49f6-4d24-9d89-a4f06efdcc33,regretful.earth,available,18.99,18.99,high,medium,9,namesilo,,,09/09/2026 13:00
e493a117-20a2-4602-857e-9c4c321b7320,eastmost.earth,available,18.99,18.99,medium,low,8,namesilo,,,14/08/2026 22:57
81b68a02-cbd7-4c82-8720-3c258667686b,bows.earth,available,18.99,18.99,medium,low,4,namesilo,,,30/09/2026 06:27
4d613e2a-c3dd-482e-9e44-f30635f869e3,crossword.earth,available,19.98,27.98,high,low,9,namecheap,,,24/09/2026 19:41
97ffa666-fd9c-4618-937b-461cf1b1a9d6,unredeemed.earth,available,19.98,27.98,medium,low,10,namecheap,,,12/09/2026 17:55
818bedc2-b087-4c03-9d34-9bc9a4c44ba9,morality.earth,available,18.99,18.99,medium,low,8,namesilo,,,28/09/2026 09:42
698eb937-497c-4319-879a-ac26e4cce084,birmingham.earth,available,18.99,18.99,high,low,10,namesilo,,,11/08/2026 06:43
1fb0b295-37d4-439a-a253-c76cc95ebc84,poisoning.earth,premium,29.5,29.5,high,low,9,namesilo,,,30/09/2026 00:17
08267d17-1b2b-4ac0-bbea-0bc65336da7a,predator.earth,available,15.96,15.96,high,low,8,porkbun,,,28/09/2026 14:50
2be6e8cc-4c33-4953-a73e-cfa6ce31d79b,swarthy.earth,available,18.99,18.99,medium,low,7,namesilo,,,11/09/2026 05:25
50f47488-f775-4096-bbae-cc3acc62a4e7,scalic.earth,available,18.99,18.99,medium,low,6,namesilo,,,09/09/2026 22:27
846633d9-3eb8-496f-b3eb-8d5a57fbd91a,agronomist.earth,available,19.98,27.98,high,low,10,namecheap,,,17/09/2026 19:41
f7ffd244-8e53-4e9c-bc2d-6a89dad4777d,anarchic.earth,available,18.99,18.99,medium,low,8,namesilo,,,
f1bf9d19-9515-478f-89ee-5d9bab7ee2e4,undigested.earth,available,18.99,18.99,medium,low,10,namesilo,,,12/09/2026 08:01
0fc70a05-2db1-42ed-8519-f25dcdb1617c,governance.earth,premium,75,75,high,low,10,name.com,,,20/08/2026 17:22
508b284b-813f-43fd-82b1-e1862a6e27f6,ament.earth,available,19.98,27.98,high,low,5,namecheap,,,18/09/2026 18:57
ea79a04b-483f-4cd6-8980-022e38681c87,kauri.earth,available,18.99,18.99,high,low,5,namesilo,,,17/09/2026 16:32
7a78e41d-0de3-4ec9-bf10-4b3b22d81a83,colleague.earth,available,18.99,18.99,high,low,9,namesilo,,,24/09/2026 16:08
b99a55b4-ae35-4c83-8c2c-57b815174857,weblike.earth,available,18.99,18.99,medium,low,7,namesilo,,,03/09/2026 16:06
a287aa0a-b04f-4e31-9c6b-91ee8ebf56af,foe.earth,available,15.96,15.96,medium,low,3,porkbun,,,29/09/2026 18:55
0c8f0f24-8524-4c8d-acc8-e883f90da9e7,devoured.earth,available,18.99,18.99,low,low,8,namesilo,,,19/09/2026 23:51
0ff97a6c-1106-4afd-8b5a-ed5c2293701f,indic.earth,available,18.99,18.99,medium,low,5,namesilo,,,22/08/2026 03:16
3ff90cf3-bef2-4aa4-8999-b0d5c5f0b23b,atacama.earth,available,6.75,18.99,high,low,7,namesilo,,,
3b01881e-4d1c-4d05-9807-82e9fe26a17c,dolce.earth,available,18.99,18.99,high,low,5,namesilo,,,14/09/2026 13:39
f58cc6c8-06a6-4c0f-b072-3cb20ff806a0,penumbral.earth,available,18.99,18.99,medium,low,9,namesilo,,,08/09/2026 15:25
f085c1eb-86ed-45aa-8a6c-5f45e539f6dd,xoxoxo.earth,available,6.75,18.99,high,low,6,namesilo,,,
9bfd6611-aa23-43e3-9402-1e7192b41345,afrikaner.earth,available,18.99,18.99,medium,low,9,namesilo,,,
febad1a7-f215-42b4-bfb5-2c80e2e3b98b,annona.earth,available,18.99,18.99,medium,low,6,namesilo,,,19/09/2026 10:30
5bde838c-6118-467e-b6e4-6c8d0199e384,velvety.earth,available,18.99,18.99,medium,low,7,namesilo,,,13/09/2026 02:00
8c3afa1b-eaad-47da-9716-8289bdcbb68f,autopsy.earth,available,18.99,18.99,high,low,7,namesilo,,,21/09/2026 07:38
fdfc3633-6922-4696-87ec-c0918150e834,citrin.earth,available,19.98,27.98,high,low,6,namecheap,,,23/09/2026 18:00
9973d9e4-0b90-437f-825e-b20319a6a62a,sanely.earth,available,18.99,18.99,medium,low,6,namesilo,,,16/09/2026 00:33
403bbbd3-8f02-4d38-8519-7ac73c7f527d,scipio.earth,available,18.99,18.99,medium,low,6,namesilo,,,29/09/2026 13:43
7dea646e-6c92-49db-8bb5-bb351e6a79dc,blessedly.earth,available,18.99,18.99,medium,low,9,namesilo,,,14/09/2026 00:19
a40648aa-0546-4bdb-9ceb-dbae61168bb8,spent.earth,available,18.99,18.99,medium,low,5,namesilo,,,14/08/2026 14:53
5b4d3bf7-6314-4564-abc4-9aedda17d638,hooked.earth,available,18.99,18.99,high,low,6,namesilo,,,22/09/2026 07:30
1f3ac732-39e9-450d-be85-bdbce2d7152e,ingrid.earth,available,18.99,18.99,medium,low,6,namesilo,,,28/09/2026 16:32
598d9c02-dc52-4d62-9525-3b5e3ca87d1c,locomotor.earth,available,18.99,18.99,medium,low,9,namesilo,,,24/08/2026 08:50
fd79e4b0-42cd-4f93-824b-510d815b0d83,salverform.earth,available,19.98,27.98,high,medium,10,namecheap,,,09/09/2026 21:02
9f5c1e31-fc5c-417b-82bd-5fbd18a5920f,chalkboards.earth,available,19.98,27.98,low,low,11,namecheap,,,19/09/2026 23:25
1587c87b-3d19-4881-b9c7-dbced93360f0,incendiary.earth,available,18.99,18.99,medium,low,10,namesilo,,,22/08/2026 00:54
4d88577a-c4df-405e-a5fe-ae6a5dff2a33,bald.earth,available,18.99,18.99,medium,low,4,namesilo,,,08/08/2026 09:16
a23a2d6c-96ce-43a4-852a-43350cd146b9,analogical.earth,available,18.99,18.99,medium,low,10,namesilo,,,
1e182e0b-0a79-4841-8775-e31331574445,undefeated.earth,available,18.99,18.99,high,low,10,namesilo,,,12/09/2026 07:12
b99a037e-491c-4d84-88bd-02e47cd27a07,godwin.earth,available,18.99,18.99,high,low,6,namesilo,,,28/09/2026 11:40
56fb89fb-9906-4dc0-99df-bade488f5f14,hirschfeld.earth,available,19.98,27.98,medium,low,10,namecheap,,,18/09/2026 01:20
6649581f-1ef9-41da-a747-fdbf94136652,indicating.earth,available,18.99,18.99,medium,low,10,namesilo,,,29/09/2026 10:48
999eb15d-cc70-4af4-912c-5693a8d57743,urbanized.earth,available,18.99,18.99,medium,low,9,namesilo,,,12/09/2026 23:29
e2d4ae83-7be3-4764-b53c-ddf7276ec5bd,rotter.earth,available,18.99,18.99,medium,low,6,namesilo,,,11/08/2026 09:08
846c0767-43aa-4a31-8ed9-49da0377da91,floyd.earth,available,19.98,27.98,high,low,5,namecheap,,,25/09/2026 19:20
5feafa9c-7e5d-4680-ad9a-a06b0332fdad,forehand.earth,available,18.99,18.99,medium,low,8,namesilo,,,18/08/2026 11:38
1a95aeb4-eb17-4e65-a52e-70d2c1c3cf29,hallowmas.earth,available,19.98,27.98,medium,low,9,namecheap,,,18/09/2026 09:30
d39eec72-a269-4ba8-a2ca-6f8e002febfd,beingness.earth,available,19.98,27.98,medium,low,9,namecheap,,,23/09/2026 04:19
72e41bdd-3db7-481b-97c3-51e42cc6fdbb,hedges.earth,available,15.96,15.96,high,low,6,porkbun,,,30/09/2026 04:31
b7a90ac9-47de-4e31-81ee-74fe84374f56,reliability.earth,available,18.99,18.99,high,low,11,namesilo,,,30/09/2026 20:40
d0c2d942-2c97-4b3b-a281-55a238690b92,bateman.earth,available,18.99,18.99,medium,low,7,namesilo,,,30/09/2026 22:30
6e1b8940-f688-40ec-a3f8-627b51850fc4,starvation.earth,premium,32.5,32.5,medium,low,10,namecheap,,,10/09/2026 19:06
ac45d787-f2b9-40f8-9a02-3169de864ff7,blinding.earth,available,18.99,18.99,medium,low,8,namesilo,,,10/08/2026 13:42
39b7a5c0-d655-41fd-bd96-07dc0540c7d5,checkroom.earth,available,19.98,27.98,medium,low,9,namecheap,,,24/09/2026 14:04
20b17c01-bda6-465f-91df-230f0e5c7dea,fuentes.earth,available,19.98,27.98,high,low,7,namecheap,,,29/09/2026 11:52
df813d5d-56e4-4c9c-bce2-00288cca57da,invertible.earth,available,18.99,18.99,medium,low,10,namesilo,,,22/08/2026 09:00
68b9c255-070f-4187-9579-74775b5f3939,identifies.earth,available,19.98,27.98,medium,low,10,namecheap,,,30/09/2026 22:38
456f8cc0-5946-459d-baf3-0ba624158bb2,rift.earth,available,29.99,29.99,high,low,4,godaddy,,,30/09/2026 01:35
629aa606-2d54-4dcb-ab0f-fbb230448599,hangar.earth,available,19.98,27.98,high,low,6,namecheap,,,17/09/2026 23:05
4f7f0915-51d7-4e00-87d6-417a148daff2,basely.earth,available,18.99,18.99,medium,low,6,namesilo,,,13/09/2026 23:35
6b4e4708-0185-46a5-8c0f-552a5d4b6014,querier.earth,available,18.99,18.99,medium,low,7,namesilo,,,20/09/2026 14:26
65246981-8bcc-4ab5-ad82-097c832ce55c,fastidious.earth,available,18.99,18.99,medium,low,10,namesilo,,,17/08/2026 15:30
0e27455c-dfdc-4c4f-aaa9-8420ec6da6c5,coffeeberry.earth,available,6.75,18.99,high,low,12,namesilo,,,
42fa1603-c6bf-4d0d-add0-2f0e4d6e892f,perinatal.earth,available,18.99,18.99,medium,low,9,namesilo,,,08/09/2026 17:07
20ffec8b-1682-4704-a49b-80189c11ddf7,ppv.earth,available,18.99,18.99,high,low,3,namesilo,,,30/09/2026 23:00
f1802a20-4b5c-4cf8-85fe-d21e63149b0e,waverly.earth,available,18.99,18.99,medium,low,7,namesilo,,,29/09/2026 10:04
9f96faf9-978c-46ad-a1df-d6afde7562e2,appl.earth,available,18.99,18.99,high,low,4,namesilo,,,29/09/2026 21:44
373f84b4-249d-48a0-bdbe-29920c5ee23c,apiarian.earth,available,18.99,18.99,medium,low,8,namesilo,,,05/08/2026 23:53
4eea9d60-9f5a-4fc0-8da5-4b66e0d1937a,anemone.earth,available,18.99,18.99,high,low,7,namesilo,,,19/09/2026 05:19
faa498fc-2abc-47d9-85d5-9894a5580af7,pertinent.earth,available,18.99,18.99,high,low,9,namesilo,,,06/08/2026 07:59
aa254001-5151-4195-b169-fb86ea45334c,asserted.earth,available,18.99,18.99,medium,low,8,namesilo,,,07/08/2026 05:54
6143b437-a75c-4d02-bef9-4fe74061568a,inlaid.earth,available,18.99,18.99,medium,low,6,namesilo,,,22/08/2026 05:47
cfdbc9c7-b3ae-4b7e-854e-59f2a77ea2da,amazona.earth,available,18.99,18.99,medium,low,7,namesilo,,,18/09/2026 16:23
b9f231c7-88ee-4028-a0c9-e67cbf5e4de4,beloit.earth,available,18.99,18.99,medium,low,6,namesilo,,,29/09/2026 22:33
eb54e024-8870-407e-982b-d627f2b84f56,kastler.earth,available,18.99,18.99,medium,low,7,namesilo,,,18/09/2026 06:34
a686ae4e-1b65-47df-bf93-dcbafcea4a5f,treasonous.earth,available,19.98,27.98,medium,low,10,namecheap,,,17/08/2026 21:20
3654f5d5-5e38-4079-9cb1-c455f0efdf4c,blancmange.earth,available,18.99,18.99,medium,low,10,namesilo,,,24/09/2026 03:51
579f5ee2-1e3c-4523-9ed6-3821296aa5c4,unbacked.earth,available,18.99,18.99,high,medium,8,namesilo,,,10/09/2026 08:27
2e07f0e3-f089-4b4c-9d87-6408fcbf983f,adaptable.earth,available,18.99,18.99,high,low,9,namesilo,,,21/09/2026 16:52
4154e6ff-ae73-443a-bc2d-fe6afcb4cdea,literatim.earth,available,18.99,18.99,medium,low,9,namesilo,,,15/09/2026 12:34
d4247f72-761d-487d-a0d2-8e49b9574ecd,koestler.earth,available,18.99,18.99,medium,low,8,namesilo,,,20/09/2026 10:57
3679ca7d-4164-464d-aa39-c38ec3d29018,gardner.earth,available,18.99,18.99,high,low,7,namesilo,,,25/09/2026 05:38
e0ff8cf4-ac96-48d1-ab8f-72185154811b,bryan.earth,available,16.27,16.27,high,low,5,dynadot,,,29/09/2026 03:53
b1052400-401e-4df5-af76-6cc58e588a1d,foretell.earth,available,18.99,18.99,high,low,8,namesilo,,,21/09/2026 03:34
91a1a013-774e-49a1-b9cf-d85853291485,bertie.earth,available,18.99,18.99,medium,low,6,namesilo,,,28/09/2026 16:25
c5053b19-d007-4156-a1bd-758f7bb7c864,wroth.earth,available,18.99,18.99,medium,low,5,namesilo,,,13/09/2026 13:38
e8fef98f-47a6-4564-b193-287e2a020de9,pissed.earth,available,,,medium,low,6,,,,
b83ba23d-90a3-4a2b-a22f-e7e7efdc4135,mortar.earth,available,18.99,18.99,high,low,6,namesilo,,,29/09/2026 07:17
03970614-240a-422c-b430-7ae16be7ea82,hardy.earth,available,18.99,18.99,high,low,5,namesilo,,,22/09/2026 12:21
8b78f8c3-4f08-4071-8fe6-05277ae704e7,transports.earth,available,19.98,27.98,medium,low,10,namecheap,,,20/09/2026 13:26
2100aece-1e4d-4cc2-ae73-78f867ac0eff,pavlova.earth,available,18.99,18.99,medium,low,7,namesilo,,,19/09/2026 10:01
78b13e6b-36c6-4f56-9967-a45ff87d27db,voidable.earth,available,18.99,18.99,medium,low,8,namesilo,,,09/09/2026 14:47
c618c2e8-5946-4ae5-983c-12331c009284,clancy.earth,available,19.98,27.98,medium,low,6,namecheap,,,28/09/2026 21:20
83119b0e-5f65-4779-afe1-fb5aa091b09f,vanishing.earth,available,19.98,27.98,medium,low,9,namecheap,,,29/09/2026 20:33
44b3ceaa-f7b6-464d-8792-4da8b3f8fb91,destruction.earth,premium,78,78,medium,low,11,namecheap,,,27/09/2026 02:03
951e677f-6b24-4591-a59e-9643c0b991a0,trivially.earth,available,19.98,27.98,low,low,9,namecheap,,,16/09/2026 09:31
9c5e9378-8e05-4ebf-8c85-35cbf412abc1,cuneiform.earth,available,18.99,18.99,medium,low,9,namesilo,,,13/08/2026 10:34
7da8650e-5db1-4f9f-8d9f-02ac8837ab9b,flutter.earth,available,18.99,18.99,high,low,7,namesilo,,,18/08/2026 07:48
37d5ed95-a2aa-4c51-9c81-04bc1c9987ec,balaton.earth,available,19.98,27.98,medium,low,7,namecheap,,,21/09/2026 21:18
c7a1778e-d3b1-4600-a899-fb088e73ef57,veracruz.earth,available,15.96,15.96,high,low,8,porkbun,,,28/09/2026 06:50
148e3525-1b9a-43f2-bf06-0eb614bd3622,studious.earth,available,19.98,27.98,high,low,8,namecheap,,,10/08/2026 19:10
accff208-3638-40af-b36d-0df8cf2a4fa8,domed.earth,available,18.99,18.99,high,low,5,namesilo,,,14/08/2026 15:37
b0f60287-aa69-433e-949c-7df6f227a64f,wintry.earth,available,18.99,18.99,medium,low,6,namesilo,,,18/08/2026 16:31
50272665-9ece-4da2-b223-2d3c312b07e0,foiled.earth,available,18.99,18.99,medium,low,6,namesilo,,,14/08/2026 09:27
7121874e-1c11-49c1-afc2-cf6a790d9b8b,detailing.earth,available,18.99,18.99,high,low,9,namesilo,,,29/09/2026 14:11
c5d852e2-25ad-41bb-967d-f89c3d185fe7,doctorial.earth,available,18.99,18.99,medium,low,9,namesilo,,,14/08/2026 14:21
970de67d-777a-4ece-a971-e547511786a5,smelly.earth,available,18.99,18.99,medium,low,6,namesilo,,,18/08/2026 02:31
db244490-e3fa-4d78-9945-fb41915be40f,avoidance.earth,available,18.99,18.99,medium,low,9,namesilo,,,21/09/2026 09:49
da9bcbbc-d7ff-4243-a33f-9ded96c87c91,brits.earth,available,18.99,18.99,medium,low,5,namesilo,,,11/08/2026 04:46
bbb92dbf-54d4-4489-b1f5-b697f7d2601e,normally.earth,available,18.99,18.99,medium,low,8,namesilo,,,28/09/2026 14:10
93c1f235-c82a-4d99-bded-77bcc3ae1f33,volary.earth,available,18.99,18.99,high,low,6,namesilo,,,21/09/2026 09:24
eb710b90-1229-4921-92c4-38796dff30ed,actuator.earth,available,18.99,18.99,medium,low,8,namesilo,,,17/09/2026 05:24
0b3c3ad9-2c78-4c05-bd00-738504f78532,palmerston.earth,available,16.27,16.27,medium,low,10,dynadot,,,28/09/2026 16:40
a73a959f-1601-4e0a-9ebf-e93e9b4cb3de,wreckage.earth,available,18.99,18.99,medium,low,8,namesilo,,,29/09/2026 08:20
40a0b105-1929-4ec5-8bfa-c892c4ef6fa7,slogan.earth,available,18.99,18.99,high,low,6,namesilo,,,28/09/2026 18:37
fadc83ad-b541-4d8a-ac0b-3d937027aa18,selection.earth,available,18.99,18.99,high,low,9,namesilo,,,28/09/2026 07:48
23db79a6-dc70-44a1-8590-1c9db4507204,homeward.earth,available,18.99,18.99,high,low,8,namesilo,,,21/08/2026 11:22
5cec3509-1306-4a96-a190-2f66dc0bb346,horary.earth,available,18.99,18.99,medium,low,6,namesilo,,,21/08/2026 13:58
416c23a0-56bd-4a5b-a340-0cbe81aadf4a,intermittent.earth,available,19.98,27.98,high,low,12,namecheap,,,01/10/2026 04:59
a398bb95-c7d2-41c6-b471-bfa4dea10dde,anorexia.earth,premium,153.6,153.6,medium,low,8,namesilo,,,19/09/2026 11:46
aa1ebcec-e6a4-470e-99d4-f9479c48a9d1,alcibiades.earth,available,19.98,27.98,medium,low,10,namecheap,,,18/09/2026 04:00
93716672-f985-4383-93c0-ab4a44516538,concluding.earth,available,18.99,18.99,high,low,10,namesilo,,,19/09/2026 15:36
eee36da7-6739-4ccf-9910-bd915029e6a9,vaporing.earth,available,18.99,18.99,medium,low,8,namesilo,,,11/08/2026 00:58
734b891a-6a42-4b02-9eab-ee62cb40c726,isd.earth,available,18.99,18.99,high,low,3,namesilo,,,30/09/2026 15:03
6e039ca6-b9b1-4912-b987-524c0c5f86bf,discouraged.earth,available,18.99,18.99,medium,low,11,namesilo,,,29/09/2026 14:36
3196cfad-7694-44c3-ad96-99b89849bef6,alhaytham.earth,available,18.99,18.99,medium,low,10,namesilo,,,18/09/2026 00:48
d78e97da-daf7-402a-a994-5a287cac0c3d,doubt.earth,available,16.27,16.27,high,low,5,dynadot,,,29/09/2026 16:37
5bc1a706-0f71-470b-9c9e-6bca867cce0d,overcomes.earth,available,18.99,18.99,medium,low,9,namesilo,,,21/09/2026 04:26
c721047d-3903-4ca6-b294-7adc676faf08,sympathetic.earth,available,6.75,18.99,high,low,11,namesilo,,,
16231f6d-8e34-4868-bf54-bbb594090d3a,proverbs.earth,available,18.99,18.99,high,low,8,namesilo,,,24/09/2026 07:04
83eaede5-479c-43d4-82df-84a6ace9ae4c,clamor.earth,available,18.99,18.99,medium,low,6,namesilo,,,10/08/2026 13:15
9349b167-1424-46dd-89b7-ed0c1f2a9dfb,billie.earth,available,18.99,18.99,medium,low,6,namesilo,,,28/09/2026 07:55
62d1a406-7922-404a-8502-fb622b058eb2,seaside.earth,available,18.99,18.99,high,low,7,namesilo,,,30/09/2026 10:48
ffd647af-8ea4-4df1-81be-57b99fd2a50b,assaulted.earth,available,15.96,15.96,low,low,9,porkbun,,,28/09/2026 18:18
fe426c45-11fe-4253-ba84-947f64b265f1,pixilated.earth,available,18.99,18.99,low,low,9,namesilo,,,09/08/2026 15:41
3d3a88d2-4a58-449a-9d94-1876799bb17c,apostrophe.earth,available,19.98,27.98,high,low,10,namecheap,,,19/09/2026 19:30
4639b175-e38f-447d-b769-27bac0c3f6c8,greenville.earth,available,19.98,27.98,high,low,10,namecheap,,,25/09/2026 06:42
44efd8bb-51d6-49c0-bcd5-c3e3098f2a73,grains.earth,premium,75,,high,low,6,name.com,,,
9e4770bb-3ffb-4e44-b02e-5d6e35a914bb,gui.earth,available,18.99,18.99,high,low,3,namesilo,,,28/09/2026 09:56
e226f570-b559-49a5-aeaa-aa1dca7f5839,hla.earth,available,16.27,16.27,high,low,3,dynadot,,,29/09/2026 09:14
d9b18591-d556-4f14-ae65-33b533471fab,met.earth,available,18.99,18.99,high,low,3,namesilo,,,27/09/2026 17:23
3e78b75c-cde6-413d-9c46-7307ce040880,oodles.earth,available,18.99,18.99,high,low,6,namesilo,,,14/09/2026 23:32
544b2280-0058-4295-b8d0-038f8b43588c,colby.earth,available,16.27,16.27,high,low,5,dynadot,,,28/09/2026 00:47
e7176043-c436-4204-80c0-43dc83b4d3d6,parkes.earth,available,19.98,27.98,medium,low,6,namecheap,,,29/09/2026 22:23
e3f9d442-415f-48e6-843a-1d3203cd4c15,deftly.earth,available,18.99,18.99,medium,low,6,namesilo,,,14/09/2026 11:20
98cb697f-d751-4db6-bc6f-8da596a22ba8,fluky.earth,available,18.99,18.99,medium,low,5,namesilo,,,18/08/2026 09:19
bdcbf8ac-dd09-45bb-9da0-4358be41ab04,skimp.earth,available,18.99,18.99,medium,low,5,namesilo,,,09/09/2026 22:34
0629c348-441b-4104-ad98-350266d8d4ac,jewel.earth,available,19.98,27.98,high,low,5,namecheap,,,30/09/2026 00:50
0bc26dd0-1c8b-4439-8388-a6a4ffab637f,racism.earth,available,18.99,18.99,medium,low,6,namesilo,,,29/09/2026 02:00
8f9abf77-a5f7-44ee-b78e-ffd02001c04e,rocky.earth,premium,71.4,71.4,high,low,5,namesilo,,,23/09/2026 01:13
c8ef2aae-bf65-49e6-9a12-d311845c8e90,limbic.earth,available,18.99,18.99,medium,low,6,namesilo,,,23/08/2026 11:49
1b502a34-9773-4c19-b0f8-79a6abd555e5,blabber.earth,available,19.98,27.98,medium,low,7,namecheap,,,23/09/2026 11:33
711f598b-f15c-4e95-b3f7-008a72f7e39c,helpless.earth,available,18.99,18.99,medium,low,8,namesilo,,,21/08/2026 06:38
80fcc61e-d28d-4a2a-989f-975dd5169b48,intercept.earth,available,18.99,18.99,high,low,9,namesilo,,,28/09/2026 06:03
30c92bde-01da-4b81-98c3-45aff1841830,dispose.earth,available,18.99,18.99,high,low,7,namesilo,,,29/09/2026 15:24
649e3bf2-b83b-437e-b8c7-25d3a940693b,chard.earth,available,18.99,18.99,high,low,5,namesilo,,,23/09/2026 10:59
911b49b0-b382-4dbd-80ab-cf5c276db7cc,residual.earth,available,18.99,18.99,high,low,8,namesilo,,,09/09/2026 14:59
e54a8ff5-6ba4-4139-8c19-a7ac82028d5f,ferine.earth,available,18.99,18.99,high,low,6,namesilo,,,18/08/2026 01:16
84459fdf-01f5-4a67-9636-86630816e187,mozart.earth,available,18.99,18.99,high,low,6,namesilo,,,28/09/2026 14:56
fcae2375-f1e4-4e0a-8eb1-9fd41c1a75dc,expects.earth,available,19.98,27.98,medium,low,7,namecheap,,,20/09/2026 01:39
0225b25a-9d79-40b6-b2e6-38c267060789,stentorian.earth,available,19.98,27.98,medium,low,10,namecheap,,,10/09/2026 20:07
83a873a2-8eae-44b8-8a98-2b22d6c83866,auteur.earth,available,18.99,18.99,high,low,6,namesilo,,,21/09/2026 05:06
c294ad9a-ef64-4d7d-bff0-fd1cd91dd6c6,trudy.earth,available,16.27,16.27,medium,low,5,dynadot,,,30/09/2026 21:14
31edcdc8-bef7-4b47-aa37-2742886a31e9,fasten.earth,available,18.99,18.99,high,low,6,namesilo,,,30/09/2026 19:48
2ba61890-c933-4f03-bbbd-1442a30cb0c4,scurvy.earth,available,18.99,18.99,medium,low,6,namesilo,,,
d0d1eeaf-c06f-43cf-9e27-561690ee5d47,boding.earth,available,18.99,18.99,medium,low,6,namesilo,,,18/08/2026 11:34
e8b232ba-24a8-4355-86da-b2cd32100d82,nevada.earth,available,19.98,27.98,high,low,6,namecheap,,,29/09/2026 01:35
b6550d2a-5109-40c9-8201-52984fdc52b4,aniline.earth,available,18.99,18.99,high,low,7,namesilo,,,18/09/2026 21:45
1ab74c4f-555d-4968-859b-f26416f6d79e,jut.earth,available,18.99,18.99,medium,low,3,namesilo,,,22/08/2026 14:56
ada2a408-d766-4e24-901a-ae8786dbec95,nonsocial.earth,available,19.98,27.98,medium,low,9,namecheap,,,03/09/2026 19:18
02d1a5e8-32c2-4d75-a8aa-b7b4f1c3eaac,nitpicking.earth,available,18.99,18.99,medium,low,10,namesilo,,,19/09/2026 01:08
ef7d880f-07b7-45f4-bb8c-093c653e3b48,costless.earth,available,18.99,18.99,medium,low,8,namesilo,,,13/08/2026 03:12
2a658210-d9c0-456d-bc50-c533eeeda51b,succinctly.earth,available,19.98,27.98,medium,low,10,namecheap,,,16/09/2026 07:34
f897a9cd-10d2-46b5-91a2-191e9820e47e,anaglyph.earth,available,18.99,18.99,medium,low,8,namesilo,,,19/09/2026 01:21
a3a45eaa-9430-41a2-a97b-77003151b4ae,semisoft.earth,available,18.99,18.99,medium,low,8,namesilo,,,10/09/2026 03:24
bdf301f4-5ac6-453c-8903-7d0b27c67a34,criticism.earth,available,18.99,18.99,high,low,9,namesilo,,,29/09/2026 12:07
0d1102b9-6c33-47ce-8288-265427d5fb7a,bankruptcy.earth,available,18.99,18.99,high,low,10,namesilo,,,22/09/2026 02:50
c82ed447-89dd-47ba-82c0-4e1e1787b87a,responds.earth,available,18.99,18.99,medium,low,8,namesilo,,,20/09/2026 08:24
88e1dc2d-2ef7-4e3d-b4c0-1e40aba8dbb0,advertises.earth,available,19.98,27.98,medium,low,10,namecheap,,,18/09/2026 17:19
b4da8b0c-deff-4864-b3a6-3de4edbca2b2,rambling.earth,available,18.99,18.99,medium,low,8,namesilo,,,17/08/2026 16:41
3cfd2e4e-52c7-437d-b08a-0704b8bc30bf,fledgling.earth,available,18.99,18.99,high,low,9,namesilo,,,11/08/2026 14:45
d8ecda7d-0dc4-4b36-a19e-8e30722f32ad,necessity.earth,premium,71.4,71.4,high,low,9,namesilo,,,24/09/2026 15:20
b40e1e6b-ea7d-4e4e-bc6b-5d04754e5cc6,mount.earth,available,18.99,18.99,high,low,5,namesilo,,,29/09/2026 10:06
60e6f605-0457-47f7-b809-7175b6c0ea79,replied.earth,available,19.98,27.98,medium,low,7,namecheap,,,18/09/2026 01:09
6b272521-726e-41df-8dbb-18435e2bd055,dozy.earth,available,19.98,27.98,medium,low,4,namecheap,,,14/08/2026 18:06
5d5233b9-612e-4be4-9364-ff54bf8b11d9,disagreed.earth,available,18.99,18.99,low,low,9,namesilo,,,29/09/2026 16:32
d3b74f9a-22c6-4d55-9906-b47cb6ca34bc,agitating.earth,available,18.99,18.99,medium,low,9,namesilo,,,
858c8154-9fb2-441a-a68e-f36cdbd0a251,indefinite.earth,available,19.98,27.98,high,low,10,namecheap,,,25/09/2026 09:08
299a9b8d-eaa9-49a9-a33e-0bdaf87ba2b2,brinjal.earth,available,18.99,18.99,high,low,7,namesilo,,,21/09/2026 02:34
0d2537e9-b38f-4368-936b-59f93ed27685,crate.earth,available,19.98,27.98,high,low,5,namecheap,,,24/09/2026 19:07
4e0998c2-7642-487d-ae96-c84b8e74cbcd,dietary.earth,available,18.99,18.99,high,low,7,namesilo,,,08/09/2026 15:41
96800209-c787-40ca-b832-dbbc009e17f1,interrogation.earth,available,15.96,15.96,medium,low,13,porkbun,,,28/09/2026 08:22
5ff8f69c-a13e-4dd8-bfe0-b55efb4d7751,schizoid.earth,available,18.99,18.99,medium,low,8,namesilo,,,09/09/2026 23:09
e0fe5ea8-8f46-44aa-a540-fcc66687d00a,tended.earth,available,18.99,18.99,medium,low,6,namesilo,,,18/09/2026 22:30
7b6dcca8-929e-4dde-a318-9f43e34ba398,bennington.earth,available,18.99,18.99,high,low,10,namesilo,,,23/09/2026 08:33
1d1436b1-3d23-4b8c-9b52-f2c6e066ad4b,blackwash.earth,available,18.99,18.99,low,low,9,namesilo,,,20/09/2026 15:47
1a165e88-3b4b-4e36-a216-878cbfabd3b8,lenify.earth,available,18.99,18.99,medium,low,6,namesilo,,,18/08/2026 22:02
64b8a082-a95e-4c91-93d6-d894593ca46f,changeling.earth,available,19.98,27.98,medium,low,10,namecheap,,,21/08/2026 20:30
18b21573-24d3-4484-b8ba-3eb786e74334,soaker.earth,available,18.99,18.99,medium,low,6,namesilo,,,
6e407f83-6090-4719-a912-1f9d5df53ffe,genealogic.earth,available,19.98,27.98,medium,low,10,namecheap,,,18/08/2026 21:22
cdfaffab-68fa-4bc6-b702-b5ab3dc3c489,licentious.earth,available,18.99,18.99,medium,low,10,namesilo,,,23/08/2026 00:56
8f63d3ab-f6e0-4b17-9ddf-5d97cccd6bb6,pacemaker.earth,available,18.99,18.99,high,low,9,namesilo,,,20/09/2026 11:42
8a8b564e-be2d-4ea6-b344-a8d5110b6744,fluently.earth,available,19.98,27.98,high,low,8,namecheap,,,14/09/2026 19:08
39b8576e-d4fa-46b0-8834-2ce7217eaaac,bromine.earth,available,18.99,18.99,medium,low,7,namesilo,,,20/09/2026 22:58
db98b033-0071-4e93-9b5f-ea19f6139631,inquiries.earth,available,18.99,18.99,medium,low,9,namesilo,,,30/09/2026 06:48
3c17d142-9055-4c87-83fd-c44d7b09775c,harmonized.earth,available,18.99,18.99,high,low,10,namesilo,,,12/08/2026 22:50
d49b42c9-dc06-4eb9-bd75-11cefd25aac6,yogic.earth,available,18.99,18.99,high,low,5,namesilo,,,13/09/2026 14:41
e6069a22-299b-4496-9add-8e162b6e6a6e,bastard.earth,available,,,medium,low,7,,,,
ca48f8c9-2c27-428c-8747-24f14c3fb356,bigot.earth,available,18.99,18.99,medium,low,5,namesilo,,,23/09/2026 15:20
5042746f-53bf-483e-b829-247cd6f3b857,thwack.earth,available,18.99,18.99,medium,low,6,namesilo,,,16/09/2026 02:47
aae8ef38-1f72-4f63-a60e-fa0a8a3fc932,subnormal.earth,available,18.99,18.99,medium,low,9,namesilo,,,11/09/2026 00:28
d808eb39-e783-47b0-9245-3e19860eda79,gory.earth,available,18.99,18.99,medium,low,4,namesilo,,,10/08/2026 15:23
85176179-be81-4f0d-8b5f-d32b9e76b82b,distorted.earth,available,18.99,18.99,medium,low,9,namesilo,,,13/08/2026 23:39
a32ca9fe-6421-4807-9676-ae4ab0ee702e,corpulence.earth,available,18.99,18.99,medium,low,10,namesilo,,,04/09/2026 22:00
b9e8b957-9a61-49a5-9d29-3795c96dbd6e,beanstalk.earth,available,18.99,18.99,high,low,9,namesilo,,,22/09/2026 20:43
00ee74a1-3d38-4165-979c-8a7ac872c4c6,wiped.earth,available,15.96,15.96,low,low,5,porkbun,,,28/09/2026 04:58
4e95cde3-4e85-489f-8726-019757489749,redevelopment.earth,available,18.99,18.99,medium,low,13,namesilo,,,01/10/2026 03:37
65fd5c7c-b1cf-4c12-b561-413f7fe34359,reigning.earth,available,18.99,18.99,high,medium,8,namesilo,,,09/09/2026 12:57
0e2e8b2f-c975-4c75-8fc5-942296ba23cd,poolside.earth,available,6.75,18.99,high,low,8,namesilo,,,
1d587963-6902-4ca4-a69a-d9126eb3d00b,freely.earth,available,18.99,18.99,high,low,6,namesilo,,,28/09/2026 14:56
d66258ea-ef1c-4922-8e50-ac0ebaf8f7dd,aggressive.earth,premium,75,75,high,low,10,name.com,,,21/09/2026 22:59
eab5ba22-ffbc-404e-896e-83063fb9cdd2,yue.earth,available,19.98,27.98,high,low,3,namecheap,,,29/09/2026 18:11
f31bae14-caa9-41e2-8553-a7233df31318,christi.earth,available,19.98,27.98,medium,low,7,namecheap,,,25/09/2026 21:26
86816622-48b8-48c4-87a3-9fc54344d72d,androgyne.earth,available,18.99,18.99,medium,low,9,namesilo,,,17/08/2026 10:38
b79237f6-1b53-48f5-98a0-fb1df1eb79a2,hierarchic.earth,available,18.99,18.99,medium,low,10,namesilo,,,21/08/2026 08:20
9f9b84ae-6c87-4753-a7be-02c6a0c178f6,mysteriously.earth,available,18.99,18.99,medium,low,12,namesilo,,,30/09/2026 04:03
ad21c6c9-2ba1-4fb9-87f0-b0bd79df46ef,multinational.earth,available,19.98,27.98,medium,low,13,namecheap,,,01/10/2026 05:37
53396840-7336-42a4-b883-a5a590c09645,clifford.earth,available,18.99,18.99,high,low,8,namesilo,,,25/09/2026 14:06
a0c1413d-6277-4caa-a0db-91f67235b079,shaggy.earth,available,18.99,18.99,medium,low,6,namesilo,,,11/08/2026 11:17
ba2f1461-0a69-4f42-8c5b-b9a610467fa6,cannot.earth,available,18.99,18.99,high,low,6,namesilo,,,01/10/2026 01:49
e8af7251-cfdd-49a3-b3db-8a0d73e1015d,wakefield.earth,available,18.99,18.99,high,low,9,namesilo,,,25/09/2026 12:26
af89797a-8fb2-4193-b215-23f6a611f1f6,pirate.earth,available,18.99,18.99,high,low,6,namesilo,,,29/09/2026 04:52
58458a8f-0b8d-4696-aff4-ea3e0979cb7a,marianne.earth,available,19.98,27.98,medium,low,8,namecheap,,,29/09/2026 03:47
9f604370-fc2a-40b2-af6a-d45d8f8e1669,drycleaning.earth,available,18.99,18.99,high,low,11,namesilo,,,21/09/2026 04:39
62a9ea58-9b35-4bbe-9e21-67d122537d2e,shorter.earth,available,18.99,18.99,high,low,7,namesilo,,,27/09/2026 17:41
f205bfa3-8b2a-4017-b473-f912e52b7783,disconnected.earth,available,16.27,16.27,medium,low,12,dynadot,,,28/09/2026 21:24
20c8d87c-7138-4225-a8a8-872df67598d1,categorical.earth,available,6.75,18.99,medium,low,11,namesilo,,,
f53ab4b3-fd74-46cb-b2c7-d379f760b600,cheryl.earth,available,18.99,18.99,medium,low,6,namesilo,,,27/09/2026 07:16
f9238c93-b15e-4b80-8522-af920edc0f60,chiang.earth,available,18.99,18.99,medium,low,6,namesilo,,,25/09/2026 16:34
b27939ce-a811-4a07-8e4e-16ff5d9f6398,tripp.earth,available,18.99,18.99,medium,low,5,namesilo,,,30/09/2026 05:27
08f30f72-682e-420b-b081-078ccb2aeec5,unimpeded.earth,available,18.99,18.99,medium,low,9,namesilo,,,12/09/2026 13:10
8045fd4e-ae6f-44e9-8887-4881c86a830d,capricious.earth,available,19.98,27.98,medium,low,10,namecheap,,,11/08/2026 18:04
9348f0eb-1898-4204-9ce3-5f808d433191,sickness.earth,available,18.99,18.99,medium,low,8,namesilo,,,27/09/2026 04:31
4b56fdc6-3c33-46ae-bc5c-94e13834f556,cheekbone.earth,available,18.99,18.99,high,low,9,namesilo,,,13/09/2026 15:41
1f581e81-8749-4331-8edf-52646c4a5a82,semi.earth,available,18.99,18.99,high,low,4,namesilo,,,20/09/2026 11:18
d802293e-b5bb-46e2-bcc4-bc9cc3343472,hornless.earth,available,18.99,18.99,medium,low,8,namesilo,,,21/08/2026 14:06
c1c06751-f024-4a22-acfd-79fa828404d9,isomorphic.earth,available,18.99,18.99,medium,low,10,namesilo,,,22/08/2026 11:12
48607b24-ee14-472a-a006-1aa88f918e25,statehood.earth,available,22.99,,high,low,9,name.com,,,
891cfa66-650b-4e35-94fd-0a92d7b1106e,search.earth,resell,,,high,medium,6,"NameCheap, Inc.",04/02/2019 04:37,04/02/2027 04:37,30/09/2026 03:20
cfd5fc19-d3fc-422e-be49-2e2547273d7a,gregg.earth,available,6.75,18.99,high,low,5,namesilo,,,
1a682f44-281f-451c-9e8e-236c084f6f0f,sanctions.earth,available,19.98,27.98,medium,low,9,namecheap,,,20/09/2026 01:56
0ee00641-3272-47d6-911c-0a3e10e7a295,wichita.earth,available,16.27,16.27,high,low,7,dynadot,,,29/09/2026 02:38
05d0a340-7cec-452c-a635-73c5d8bb968e,hysteria.earth,available,19.98,27.98,high,low,8,namecheap,,,24/09/2026 21:43
2272fb60-abe4-430b-9257-ac23e508cbed,negroes.earth,available,16.27,16.27,low,low,7,dynadot,,,30/09/2026 23:48
a34f6d1d-88db-4b5e-b040-1edd4ac40685,ineffective.earth,available,18.99,18.99,medium,low,11,namesilo,,,30/09/2026 12:11
cbd62383-81a8-4174-afa7-596ff31152bf,cxl.earth,available,18.99,18.99,high,low,3,namesilo,,,
7f2fe7e0-e651-4122-b56c-e39baca66b00,dempsey.earth,available,18.99,18.99,medium,low,7,namesilo,,,28/09/2026 05:31
a554f7b1-c37f-454f-94bf-6aa0cc8b6f64,bermudian.earth,available,18.99,18.99,medium,low,9,namesilo,,,09/08/2026 15:15
8f8af292-b7a2-470d-8a2a-6b636d4d8de4,adam.earth,available,15.96,15.96,high,high,4,porkbun,,,28/09/2026 18:15
c1c8ff37-894a-4ed1-9785-85b4d5ead417,paleozoic.earth,available,18.99,18.99,medium,low,9,namesilo,,,04/09/2026 23:39
c391943c-c170-4a05-b6cf-2c49d6e94fae,shiloh.earth,available,18.99,18.99,medium,low,6,namesilo,,,22/09/2026 15:39
25a8df76-35ef-48dd-801b-20a2bd589dd9,neal.earth,available,18.99,18.99,medium,low,4,namesilo,,,28/09/2026 16:08
079c58f4-4ab6-4923-acd4-f2e1cc2785d1,artificial.earth,resell,,,high,low,10,Porkbun,18/06/2025 00:00,18/06/2027 00:00,29/09/2026 08:59
60ab3ef4-5306-4906-8585-891ede494c5b,mousy.earth,available,18.99,18.99,medium,low,5,namesilo,,,25/08/2026 08:42
dc406e5b-e9af-42ec-b8fd-9fd3f880b85b,umbilicus.earth,available,18.99,18.99,medium,low,9,namesilo,,,23/09/2026 06:37
c24a56bb-404c-4a50-a50e-1eb0ecfa6f4f,doubles.earth,available,16.27,16.27,high,low,7,dynadot,,,28/09/2026 18:58
465af370-fc76-4a82-92fd-f4efcbfe9018,longwise.earth,available,18.99,18.99,medium,low,8,namesilo,,,22/08/2026 23:42
a8fb50c8-77c8-4f89-859e-5e4a5aa2422b,defoe.earth,available,18.99,18.99,medium,low,5,namesilo,,,30/09/2026 16:57
86c08f0b-a89c-4501-9fad-a3ba04bc9c84,willingly.earth,available,18.99,18.99,medium,low,9,namesilo,,,16/09/2026 11:08
672dba9a-602e-4b4c-baa0-332b3d2c1424,kurt.earth,available,18.99,18.99,high,low,4,namesilo,,,25/09/2026 13:27
946bb00e-eb88-4657-9f34-186f8172027e,strapless.earth,available,18.99,18.99,high,low,9,namesilo,,,10/09/2026 21:55
7ad4a107-046e-42b9-96fd-96df42bb77f5,lucubrate.earth,available,18.99,18.99,medium,low,9,namesilo,,,15/08/2026 23:00
998a0e38-5ac6-44b2-b4d1-72a0e0b7d254,jenks.earth,available,18.99,18.99,medium,low,5,namesilo,,,30/09/2026 13:40
5cbf6414-2909-4b07-8443-795d17f17408,huffish.earth,available,18.99,18.99,medium,low,7,namesilo,,,21/08/2026 14:38
3c6ed642-4cd4-4f84-9f9a-52252415f07e,ritardando.earth,available,18.99,18.99,high,medium,10,namesilo,,,09/09/2026 09:54
337eb172-cfaf-4f50-8555-d65cb183f096,encryption.earth,available,16.27,16.27,high,low,10,dynadot,,,29/09/2026 18:46
70b52965-b513-4585-bfe6-990d0ceadd94,hanged.earth,available,18.99,18.99,medium,low,6,namesilo,,,28/09/2026 08:24
a87269cd-5f6c-4c8e-9090-4e67b8c5dfbc,athwart.earth,available,18.99,18.99,medium,low,7,namesilo,,,13/09/2026 22:38
36396eea-510b-4a13-bdfa-b9614c77fbf2,breastfeed.earth,available,6.75,18.99,high,low,11,namesilo,,,
ad18d365-e02b-497f-aeca-99120ffe7ede,squawker.earth,available,19.98,27.98,medium,low,8,namecheap,,,23/09/2026 06:50
b0778de8-087d-4970-844b-5d0bcb7eb037,pyemic.earth,available,18.99,18.99,high,medium,6,namesilo,,,09/09/2026 06:48
1686d63b-7a7e-48b8-a636-488b68355e12,emo.earth,available,15.96,15.96,high,low,3,porkbun,,,01/10/2026 04:45
0b60e9d9-f6dd-4d45-a97a-bc138023c24a,harassed.earth,available,18.99,18.99,medium,low,8,namesilo,,,21/08/2026 00:06
9e37f2ad-aa14-4ab2-a974-2ad565db4c07,clinched.earth,available,18.99,18.99,medium,low,8,namesilo,,,12/08/2026 10:46
bcd3717f-e645-4bee-8c54-6cd7cacaaa50,obtrusive.earth,available,18.99,18.99,medium,low,9,namesilo,,,04/09/2026 00:07
492c5d7e-428d-4681-b304-3c0ed44f33cc,athos.earth,available,19.98,27.98,medium,low,5,namecheap,,,20/09/2026 21:17
2a84a8cc-ae63-4fb3-8bea-22ce5747898e,sorensen.earth,available,18.99,18.99,medium,low,8,namesilo,,,30/09/2026 02:56
13be7ae5-c083-4671-8fde-d8455fda13eb,boringly.earth,available,18.99,18.99,medium,low,8,namesilo,,,14/09/2026 01:08
41343fb5-daaf-4c7e-ba4a-39a8fc529b85,chasing.earth,available,18.99,18.99,high,low,7,namesilo,,,27/09/2026 06:54
598e5a16-f272-4ba2-8bcf-83d6f297508c,burglar.earth,available,18.99,18.99,medium,low,7,namesilo,,,30/09/2026 00:56
c1bae81c-ffba-4514-b310-9a880b2fbbc5,unlighted.earth,available,18.99,18.99,medium,low,9,namesilo,,,12/09/2026 13:01
6f5b116c-bec3-4a62-8cdd-606f52d3f9fa,slyness.earth,available,18.99,18.99,medium,low,7,namesilo,,,13/08/2026 10:43
aad9c6fe-ce64-43cd-b22b-508d9ece572e,goosebumps.earth,available,18.99,18.99,medium,low,10,namesilo,,,19/09/2026 00:04
695ca73b-b96f-4b7c-885a-ae394d8c2f70,arabist.earth,available,18.99,18.99,medium,low,7,namesilo,,,19/09/2026 23:35
5d28acf2-cba1-47fe-b55c-1549da2b75b8,pose.earth,available,18.99,18.99,high,low,4,namesilo,,,22/08/2026 21:29
fce29540-ee6b-4843-93d6-e7e224fd4f53,kilometer.earth,available,18.99,18.99,high,low,9,namesilo,,,30/09/2026 01:33
f8ec1713-7244-4850-8dad-32377dff5c31,acadia.earth,available,22.99,27.99,medium,low,6,name.com,,,16/09/2026 20:28
8d9ae4c5-d36c-42a1-b1db-f77b14fb718a,forking.earth,available,18.99,18.99,medium,low,7,namesilo,,,11/08/2026 02:19
6c982f0f-001c-47f9-b6b0-ff0bf3ebff72,williamsburg.earth,available,18.99,18.99,medium,low,12,namesilo,,,27/09/2026 01:57
43ae45c9-6c88-42a5-9faf-dcda96d2f4a2,nai.earth,available,18.99,18.99,high,low,3,namesilo,,,30/09/2026 04:12
57111cba-c547-4180-a6f7-dbb247bcc8b0,backbench.earth,available,18.99,18.99,medium,low,9,namesilo,,,21/09/2026 15:00
081e3bc9-0710-4ee8-9c8a-3e6e9bcaa211,opportune.earth,available,18.99,18.99,high,low,9,namesilo,,,04/09/2026 16:43
760c2d76-145e-4510-b151-22ca46f0c6fb,quat.earth,available,19.98,27.98,medium,low,4,namecheap,,,17/09/2026 15:25
41225474-fba2-44af-b068-7c4cabc3ff91,multistory.earth,available,18.99,18.99,medium,low,10,namesilo,,,03/09/2026 10:56
65159756-e9c8-47b7-9191-044297a8a04e,principles.earth,available,6.75,18.99,high,low,10,namesilo,,,
d03614db-0fef-4964-90de-959cc72837b3,capitate.earth,available,19.98,27.98,medium,low,8,namecheap,,,11/08/2026 17:57
e845299d-d09a-4195-aec6-97b49f2390fa,volcanic.earth,available,18.99,18.99,high,low,8,namesilo,,,13/09/2026 06:48
9ae13187-e468-4cd0-98c6-6a9227f6c0ec,xiii.earth,available,18.99,18.99,high,low,4,namesilo,,,21/09/2026 11:34
06fe7e9f-a3b5-4ef1-afd5-1e3ff6307e6b,nourished.earth,premium,29.5,29.5,high,low,9,namesilo,,,03/09/2026 22:12
db5f2b4f-2181-4cf0-ba08-d4dd1f5d0ebf,roger.earth,available,16.27,16.27,high,low,5,dynadot,,,01/10/2026 01:50
fdd7c1f2-bff5-4eed-8b5f-c215d45c200b,asked.earth,available,6.75,18.99,high,low,5,namesilo,,,
7eb86eed-fab3-4eb1-9da3-2c49927dbd6d,iowa.earth,available,18.99,18.99,high,low,4,namesilo,,,30/09/2026 01:51
271b2fb7-ad32-4e13-bf06-16983703a62b,sanford.earth,available,18.99,18.99,medium,low,7,namesilo,,,25/09/2026 16:16
7685a2b8-b658-4c1f-9c24-07f35b91acb1,odor.earth,available,18.99,18.99,high,low,4,namesilo,,,20/09/2026 08:25
fbb987af-856e-43a8-887b-c8380c1dca8b,wolverhampton.earth,available,19.98,27.98,medium,low,13,namecheap,,,29/09/2026 21:58
18eef32d-fd7a-4fee-a3e0-c43507910c79,oblige.earth,available,18.99,18.99,high,low,6,namesilo,,,03/09/2026 23:41
4e46be85-59ae-4f3d-bab1-90d4ef2b63e2,polygon.earth,available,18.99,18.99,high,low,7,namesilo,,,30/09/2026 07:11
4ee2050e-418c-4419-9e4e-acc9ed3a1fcf,dre.earth,available,15.96,15.96,high,low,3,porkbun,,,29/09/2026 21:06
0ee54601-6c0c-4270-b51c-ff0300e527f9,rubbishy.earth,available,19.98,27.98,high,medium,8,namecheap,,,09/09/2026 19:16
f525d018-2a2c-444a-a2fa-d512560726e0,wheaton.earth,available,18.99,18.99,high,low,7,namesilo,,,28/09/2026 07:32
10d8d1b7-9d58-4c52-90b0-0f8b6ccd1b0b,installing.earth,available,18.99,18.99,high,low,10,namesilo,,,30/09/2026 02:00
3759583f-08d5-45af-83cb-5e03075e85a4,syringe.earth,available,18.99,18.99,high,low,7,namesilo,,,30/09/2026 11:09
a66224ee-2ded-414a-942d-e20ddb7dd1e7,spindle.earth,available,18.99,18.99,high,low,7,namesilo,,,01/10/2026 02:58
9d005a5e-0026-491d-a558-532fb778cd5c,jaded.earth,available,18.99,18.99,medium,low,5,namesilo,,,22/08/2026 11:58
a5de1a5d-870f-410a-8824-354ca96d5622,kerala.earth,available,15.96,15.96,medium,low,6,porkbun,,,28/09/2026 16:15
29933d7e-7eeb-44bc-9175-fa365212a2ec,eia.earth,available,18.99,18.99,high,low,3,namesilo,,,29/09/2026 21:53
442ee5f3-962d-4c5f-8844-f86c424b3c97,wasteful.earth,premium,29.5,29.5,medium,low,8,namesilo,,,12/09/2026 08:47
1efcc9e1-03b1-4e08-a6e5-6fdcb9041f07,incite.earth,available,18.99,18.99,high,low,6,namesilo,,,09/09/2026 03:18
9af94c27-28a4-4390-8f72-4ed66a948b7b,cardigan.earth,available,19.98,27.98,high,low,8,namecheap,,,24/09/2026 12:52
72fa9a07-350e-477d-8070-b3d544796b96,ochs.earth,available,18.99,18.99,medium,low,4,namesilo,,,17/09/2026 09:36
f631f69a-8f5e-4adf-a234-22840ab84934,blather.earth,available,19.98,27.98,medium,low,7,namecheap,,,24/09/2026 04:46
da5fe5d5-7f6b-4979-9ae5-942c8e33bd08,fitch.earth,available,15.96,15.96,medium,low,5,porkbun,,,29/09/2026 12:21
3fa6be31-f3cc-42d9-9d7f-c58b612787a5,rain.earth,resell,,,high,medium,4,"GoDaddy.com, LLC",04/09/2018 06:06,04/09/2027 06:06,26/09/2026 08:29
70c0463c-2b5d-4cc3-b3cd-ec7d631161fd,cosigner.earth,available,18.99,18.99,medium,low,8,namesilo,,,13/08/2026 02:49
25aac0c4-3582-4385-ae9b-11920471c80c,dusts.earth,available,18.99,18.99,low,low,5,namesilo,,,21/09/2026 01:44
d9c6a43c-8289-4903-9dac-300be4d5a39a,unspaced.earth,available,19.98,27.98,low,low,8,namecheap,,,12/09/2026 20:24
fda9f4a8-18dc-4a5c-804a-132fc02f53b3,canonical.earth,available,18.99,18.99,high,low,9,namesilo,,,11/08/2026 17:23
06af8ce1-53ee-403b-926b-f9889f2192f7,neptunium.earth,available,18.99,18.99,medium,low,9,namesilo,,,21/09/2026 00:09
738bbb08-b6de-4aee-b89c-fcca9fc40aed,ethically.earth,available,18.99,18.99,high,low,9,namesilo,,,14/09/2026 16:20
93b396e8-dc6f-4ece-baa2-cbf2cdbbc3ce,joewood.earth,available,18.99,18.99,medium,low,7,namesilo,,,22/09/2026 04:36
3e7a6dbc-ca35-41bc-b24f-a780f0746cf6,gyroplane.earth,available,18.99,18.99,medium,low,9,namesilo,,,21/09/2026 06:27
4e810ceb-752b-418a-8284-452fc2681d8c,authenticity.earth,available,18.99,18.99,high,low,12,namesilo,,,29/09/2026 23:07
a2c7de47-f049-4afe-af07-896512ddb842,qing.earth,available,18.99,18.99,medium,low,4,namesilo,,,27/09/2026 12:26
218130da-e36e-444d-b334-e200339a659f,emile.earth,available,18.99,18.99,medium,low,5,namesilo,,,27/09/2026 13:23
5b200b19-7f62-4001-8f48-023f20fc1471,lamentably.earth,available,18.99,18.99,low,low,10,namesilo,,,14/09/2026 11:50
19e853f2-a39a-49a5-a33a-6b847df96d33,callaghan.earth,available,18.99,18.99,medium,low,9,namesilo,,,29/09/2026 09:50
ca80ffb0-3e8d-4e6d-88df-162cb1e8d632,caledonian.earth,available,19.98,27.98,high,low,10,namecheap,,,28/09/2026 21:31
c5f51de6-bf82-4f86-9dc9-c0cf0289c57d,bezzant.earth,available,18.99,18.99,low,low,7,namesilo,,,23/09/2026 12:17
6d2187c1-6da8-49d2-b560-e9f5c787d818,entrant.earth,available,18.99,18.99,medium,low,7,namesilo,,,18/08/2026 07:36
bb847402-1d05-4a95-9b15-feed8525629f,lordly.earth,available,18.99,18.99,medium,low,6,namesilo,,,07/08/2026 17:05
5be0d8f5-b158-48e5-b07b-9990b6dec373,alain.earth,available,18.99,18.99,high,low,5,namesilo,,,27/09/2026 07:38
3ebc7099-1df8-4c42-a390-6fbf5237a0b0,represented.earth,available,6.75,18.99,high,low,11,namesilo,,,
6c0b89f8-d973-4bb8-9b7f-729a9abb4263,ratty.earth,available,18.99,18.99,medium,low,5,namesilo,,,25/08/2026 06:53
c31c10f8-bd76-4457-802d-1751f750a200,whorled.earth,available,18.99,18.99,medium,low,7,namesilo,,,12/08/2026 16:18
e5e23cb1-2347-4720-8bec-402d7702a7e6,instruction.earth,premium,71.4,71.4,high,low,11,namesilo,,,28/09/2026 02:38
76672452-fca6-45a4-acb1-2d85ec417869,hemophilia.earth,available,18.99,18.99,medium,low,10,namesilo,,,24/09/2026 05:26
7e862395-6a74-4771-a64b-bac21daebe2b,baseness.earth,available,18.99,18.99,medium,low,8,namesilo,,,22/09/2026 10:25
4395a8bf-ddc2-45e7-9033-2e207ce2a77c,soaking.earth,available,18.99,18.99,medium,low,7,namesilo,,,14/09/2026 14:28
b2b2f5e1-c223-4ca3-8cda-a6404cfed788,flipped.earth,available,18.99,18.99,medium,low,7,namesilo,,,18/09/2026 12:06
df581c3a-5df6-4003-8606-a34db8c05b30,sturdy.earth,available,18.99,18.99,high,low,6,namesilo,,,21/08/2026 00:56
1f50517e-d52b-4646-afbb-c573da3c25db,dissonant.earth,available,18.99,18.99,medium,low,9,namesilo,,,07/08/2026 12:26
b610b548-4d98-4b36-a973-74d4f2348ff8,truculent.earth,available,19.98,27.98,medium,low,9,namecheap,,,11/09/2026 20:29
c1a2c9bf-f96f-40c8-9dec-877555a3ab7e,roswell.earth,premium,66,66,medium,low,7,dynadot,,,28/09/2026 15:16
f979cc17-16b3-4fe2-aa0d-9dad16041cbd,classy.earth,available,18.99,18.99,high,low,6,namesilo,,,12/08/2026 09:52
f0f15ad6-41a6-4857-a410-b0267d535b2a,hunchback.earth,available,18.99,18.99,medium,low,9,namesilo,,,13/08/2026 07:49
c53fdd68-98d5-4472-8aca-566b92e93da8,expected.earth,available,19.98,27.98,high,low,8,namecheap,,,17/08/2026 18:04
f6b8df5f-fccf-42e5-b0dc-e2bd3bbdbd1b,duplicate.earth,available,19.98,27.98,high,low,9,namecheap,,,24/09/2026 11:48
88b1a233-9a71-4ab5-b07f-cdf73d817aa1,undecided.earth,available,18.99,18.99,medium,low,9,namesilo,,,04/09/2026 14:20
c65ea1db-d88c-472c-8790-145f85abd19e,vincennes.earth,available,16.27,16.27,medium,low,9,dynadot,,,28/09/2026 22:26
7bd2c161-27bb-4c0f-81e0-03c5bc65f9f0,loveless.earth,available,18.99,18.99,medium,low,8,namesilo,,,24/08/2026 10:09
ee28bbd8-9303-4dbf-bc9e-82bdbde73d02,biscuits.earth,available,15.96,15.96,medium,low,8,porkbun,,,29/09/2026 17:26
642efa58-b6b3-456d-8f0b-3b26645dc7c2,housman.earth,available,18.99,18.99,medium,low,7,namesilo,,,16/09/2026 12:57
93aa411e-37d5-4706-80e5-e549a5dc5447,murderous.earth,available,18.99,18.99,medium,low,9,namesilo,,,21/08/2026 11:28
2330091f-1f97-4b9c-bef0-6859b0ffbcfd,mixed.earth,available,19.98,27.98,medium,low,5,namecheap,,,19/09/2026 12:23
63a26583-b411-4be1-969c-e08f6db2eb2d,shall.earth,available,6.75,18.99,high,low,5,namesilo,,,
2e1e0fb1-e83b-4455-acf0-49769b409535,ingersoll.earth,available,18.99,18.99,medium,low,9,namesilo,,,29/09/2026 04:29
b8bb8145-ea26-4e81-ad89-60b9c05974ff,funk.earth,available,19.98,27.98,medium,low,4,namecheap,,,28/09/2026 13:33
49ccfdfb-d163-4223-a115-c9afbc01b862,resolutely.earth,available,18.99,18.99,medium,low,10,namesilo,,,14/09/2026 11:12
836a96af-2b62-44d4-84b5-6329cd5a987d,connelly.earth,available,18.99,18.99,medium,low,8,namesilo,,,29/09/2026 04:23
936fdfb2-c28d-4d13-bce8-ee212f96d7d5,vertebrate.earth,available,18.99,18.99,medium,low,10,namesilo,,,13/09/2026 04:35
55847e63-572e-44fb-be93-a68b5454eb88,triclinic.earth,available,18.99,18.99,medium,low,9,namesilo,,,
1731abaf-c10a-46ed-8bb2-0a368b3fad10,leonine.earth,available,18.99,18.99,medium,low,7,namesilo,,,22/08/2026 23:57
2e4dd868-775a-4c40-b904-618bbb05e711,fortemente.earth,available,18.99,18.99,medium,low,10,namesilo,,,18/08/2026 12:36
5f5235fd-d3a7-4070-8054-0dc9020653c3,emphasise.earth,available,18.99,18.99,high,low,9,namesilo,,,16/09/2026 21:53
53c27a8d-76fb-4834-b345-67b3c7a60e6e,vidal.earth,available,15.96,15.96,medium,low,5,porkbun,,,28/09/2026 14:04
3b4fd03e-9e6d-4c73-b200-f779e69e16da,etiquette.earth,available,19.98,27.98,high,low,9,namecheap,,,29/09/2026 18:48
954577f9-30f2-4eea-be88-e7a08cc061bf,lifelike.earth,available,18.99,18.99,high,low,8,namesilo,,,23/08/2026 01:41
31621545-bebe-4a79-b3ab-bc27f4aae752,bombing.earth,available,15.96,15.96,medium,low,7,porkbun,,,27/09/2026 11:45
09e59843-0ed4-4687-8ebf-16fccc9ac3bb,acts.earth,available,16.27,16.27,high,low,4,dynadot,,,28/09/2026 18:10
f154999a-32a1-4974-8194-4042d3cdee40,plenary.earth,available,19.98,27.98,medium,low,7,namecheap,,,08/09/2026 21:06
f3938fdb-ba4b-45fc-8fc7-e44e9eb31c07,admit.earth,available,18.99,18.99,high,low,5,namesilo,,,26/09/2026 00:34
07e42cfc-1276-4c87-af1c-afca46e7c832,antiquark.earth,available,18.99,18.99,medium,low,9,namesilo,,,19/09/2026 15:02
03357d15-fd57-49e3-b332-0daaabf49f3c,phoebe.earth,available,18.99,18.99,high,low,6,namesilo,,,
8c1c1bfe-14ae-46cf-9124-5ff4a4c0dc84,judging.earth,available,16.27,16.27,high,low,7,dynadot,,,27/09/2026 14:29
34e57b80-4e69-41d0-b883-cdb6035d44d8,bannister.earth,available,18.99,18.99,medium,low,9,namesilo,,,22/09/2026 00:23
c129b4c1-e290-4a9c-85b6-5cf250ec2a2e,modernized.earth,available,18.99,18.99,high,low,10,namesilo,,,19/09/2026 17:17
0700b86c-f8c5-4976-ae7e-1f36c12dd8bd,buick.earth,available,19.98,27.98,high,low,5,namecheap,,,30/09/2026 12:46
bb2dec9c-8e50-4089-b476-dc69d0b61db4,shores.earth,premium,71.4,71.4,medium,low,6,namesilo,,,29/09/2026 11:01
e4383580-b228-4291-8c9e-da9d005ea0ea,monitoring.earth,premium,71.4,71.4,high,low,10,namesilo,,,30/09/2026 05:07
8587d93b-4e5e-4763-a8b8-4b02360b1506,nonwhite.earth,available,22.99,27.99,medium,low,9,name.com,,,13/08/2026 18:06
e24f3ac0-7ca8-4e81-9f2e-4ec4f8def98e,chr.earth,available,18.99,18.99,medium,low,3,namesilo,,,28/09/2026 12:07
79b36953-fc00-4007-8190-b26e4b38c428,peptic.earth,available,18.99,18.99,medium,low,6,namesilo,,,08/09/2026 15:53
c1cbf641-3da5-470c-ade4-64e75361ab17,dewey.earth,available,18.99,18.99,high,low,5,namesilo,,,17/09/2026 08:48
a3da54c0-df23-49be-a73d-1658a55959b7,nibbed.earth,available,18.99,18.99,low,low,6,namesilo,,,03/09/2026 16:57
b4ac09b9-31c2-4a4a-99b2-caf20d9973e0,aerialist.earth,available,19.98,27.98,medium,low,9,namecheap,,,17/09/2026 12:50
18723b52-fa5e-43a6-9779-845f99b3bab3,cumbersome.earth,available,18.99,18.99,medium,low,10,namesilo,,,13/08/2026 10:25
694a9726-3b3c-44ac-b97b-a2998c249cfa,focussed.earth,available,18.99,18.99,high,low,8,namesilo,,,18/08/2026 09:47
1f6e1327-e275-408d-a56f-1ec496f8aba8,sanative.earth,available,18.99,18.99,medium,low,8,namesilo,,,
6ed8de37-3d9f-4687-a003-cd1ce984c020,anaconda.earth,available,18.99,18.99,high,medium,8,namesilo,,,19/09/2026 01:07
56c959ce-dd53-426e-aaa0-dcbadaf845c5,evade.earth,available,15.96,15.96,high,low,5,porkbun,,,30/09/2026 17:34
5d816507-4a89-4647-a0ac-134ff60da449,gnomish.earth,available,18.99,18.99,medium,low,7,namesilo,,,20/08/2026 15:45
2aba59a4-0b20-4ae2-9910-6f64a0413b6a,completions.earth,available,18.99,18.99,medium,low,11,namesilo,,,30/09/2026 00:48
6bd0bff4-57b1-46cd-9b14-b8524ea50ea7,unspoilt.earth,available,18.99,18.99,high,low,8,namesilo,,,12/09/2026 07:10
fcd2685e-ea7b-489a-a4ee-5fced08a9ea3,misunderstood.earth,available,18.99,18.99,medium,low,13,namesilo,,,29/09/2026 02:48
d2bcf98c-c3ac-4146-afd5-58d26d009864,imitating.earth,available,16.27,16.27,high,low,9,dynadot,,,30/09/2026 20:05
e7114ddd-129b-4913-881e-96f685a55eab,aptness.earth,available,18.99,18.99,medium,low,7,namesilo,,,19/09/2026 22:03
803d9db4-6d1c-40ec-94ab-c1d3a9750bb3,baas.earth,available,18.99,18.99,high,low,4,namesilo,,,21/09/2026 12:09
26fab97f-221b-46c1-a299-8d01acf3653a,mixable.earth,available,18.99,18.99,medium,low,7,namesilo,,,25/08/2026 01:25
1f509e76-ee2e-40e1-8484-d99b307207a5,shipshape.earth,available,18.99,18.99,high,medium,9,namesilo,,,10/09/2026 06:36
4b867e35-98b5-4784-9c43-35f57a44dc41,concordant.earth,available,19.98,27.98,medium,low,10,namecheap,,,12/08/2026 20:16
0f3bd72f-63b7-4cc6-ac4f-58d788a38771,exiled.earth,available,18.99,18.99,medium,low,6,namesilo,,,30/09/2026 15:40
2134f8c7-7857-4007-9bb9-667c323c58f3,alizarine.earth,available,18.99,18.99,medium,low,9,namesilo,,,18/09/2026 08:13
60a6b632-047b-4b6b-9915-70c98a3eba13,hardiness.earth,available,16.27,16.27,high,low,9,dynadot,,,29/09/2026 18:02
ec60e175-7c50-4088-9b67-f61419f1fcfb,intact.earth,resell,,,high,low,6,Porkbun,20/06/2026 20:39,20/06/2027 20:39,26/09/2026 06:54
567daf22-55f0-41d5-acbc-5d6b2af11d57,slithering.earth,available,18.99,18.99,medium,low,10,namesilo,,,10/09/2026 11:07
85b98f9f-e090-4ef9-b47c-99069b8a8b1c,specially.earth,available,16.27,16.27,medium,low,9,dynadot,,,28/09/2026 14:42
1fa80766-bc7a-443c-9145-d2bc4d53123c,khorasan.earth,available,15.96,15.96,medium,low,8,porkbun,,,30/09/2026 21:55
5f7ec4ca-f56c-4124-801f-a2327f973f5f,relieved.earth,available,18.99,18.99,high,low,8,namesilo,,,
95d4f131-91ec-43aa-aac4-d78f0cd419f9,yemeni.earth,available,18.99,18.99,high,low,6,namesilo,,,13/09/2026 14:34
98428ca4-2661-4c54-bd5d-b4783473caa3,lxxv.earth,available,19.98,27.98,medium,low,4,namecheap,,,
0fcee9a1-2de0-4c4a-b55c-eea6050a6288,guffaw.earth,available,18.99,18.99,high,low,6,namesilo,,,23/09/2026 06:41
6a3e72ba-2c35-49d7-9fab-63ce00167466,spelled.earth,available,18.99,18.99,low,low,7,namesilo,,,28/09/2026 16:58
e42fcd4b-7815-45b1-9fa1-d002edd6a1fa,staff.earth,resell,6.75,18.99,high,low,5,Porkbun,20/06/2026 20:39,20/06/2027 20:39,30/09/2026 22:23
40deb5f0-6e4b-4fcb-b008-1663b811b42b,capone.earth,available,16.27,16.27,medium,low,6,dynadot,,,28/09/2026 19:49
0398c4c1-d18c-41a4-9f90-cea34c565030,moonfish.earth,available,19.98,27.98,medium,low,8,namecheap,,,20/09/2026 21:37
40a7e276-02f7-4fcf-bcc3-465d2ac53a17,anacardium.earth,available,19.98,27.98,medium,low,10,namecheap,,,19/09/2026 00:59
c50deeb4-9f10-4e1a-b861-19c5cfffc091,responded.earth,available,19.98,27.98,medium,low,9,namecheap,,,18/09/2026 18:02
46ab035e-58f7-4571-8561-7cd1f5d95ceb,stair.earth,available,16.27,16.27,medium,low,5,dynadot,,,29/09/2026 20:26
eb1f9551-1937-4eba-a5ba-8e230bcbd941,tacit.earth,available,18.99,18.99,high,low,5,namesilo,,,11/09/2026 06:56
df75d7d0-5120-4350-a016-de1215f32a90,cuthbert.earth,available,18.99,18.99,medium,low,8,namesilo,,,29/09/2026 03:58
034ed47d-3718-4cd6-a585-f54593c9ccb6,gleefully.earth,available,19.98,27.98,medium,low,9,namecheap,,,14/09/2026 21:28
921d3575-8a9a-44f9-80ae-04217e402ba5,din.earth,available,18.99,18.99,medium,low,3,namesilo,,,10/08/2026 13:17
d8e54488-7811-44cb-85d8-4a5b00c63eee,retroflex.earth,available,18.99,18.99,medium,low,9,namesilo,,,11/08/2026 12:37
14a9b170-51c0-4ccd-aeca-1aa2c599e2b2,leroy.earth,available,18.99,18.99,medium,low,5,namesilo,,,25/09/2026 15:35
478e1a4f-7d86-4706-9a79-c3be52934cf0,generous.earth,premium,31.25,31.25,high,low,8,name.com,,,18/08/2026 21:29
74335477-cc84-4742-bb4f-ac1a660fd4bc,lillie.earth,available,18.99,18.99,high,low,6,namesilo,,,22/09/2026 21:47
0d4688d7-3079-4210-8fca-3c5c80f8ae54,amia.earth,available,19.98,27.98,high,low,4,namecheap,,,18/09/2026 21:14
daebb0f7-0c12-4da3-8059-8509b5561785,effie.earth,available,16.27,16.27,high,low,5,dynadot,,,01/10/2026 05:06
e1ca85e9-4c35-4dd7-a632-5145c68d1dae,omnivorous.earth,available,18.99,18.99,medium,low,10,namesilo,,,04/09/2026 13:56
21a96260-1ff4-42f8-8a38-f28f52072bdd,velar.earth,available,18.99,18.99,medium,low,5,namesilo,,,13/09/2026 01:59
2216d776-950b-46cb-918f-593f38cdb389,shamed.earth,available,18.99,18.99,medium,low,6,namesilo,,,14/08/2026 10:25
07ffe663-8173-4476-8d4b-f653d8f05f9c,faint.earth,available,19.98,27.98,high,low,5,namecheap,,,17/08/2026 21:01
0f5753fe-daff-45a4-be26-cb23cba78c16,strumpet.earth,available,18.99,18.99,medium,low,8,namesilo,,,17/09/2026 10:22
80a74826-f420-4577-8431-e72135b8efc0,await.earth,available,19.98,27.98,high,low,5,namecheap,,,30/09/2026 15:31
7cde0318-0079-4785-adaf-bcc78ca0869a,asexual.earth,available,18.99,18.99,high,low,7,namesilo,,,07/08/2026 01:33
6b15b356-2068-46e7-a80d-7a22a76cd0ae,chorus.earth,available,16.27,16.27,high,low,6,dynadot,,,29/09/2026 08:55
9be1ec7f-e7dd-47fa-ab81-7f718d431b32,kirkpatrick.earth,available,18.99,18.99,medium,low,11,namesilo,,,28/09/2026 12:22
a122d78f-e347-40fa-b97e-248a4c517cdf,divisible.earth,available,18.99,18.99,high,low,9,namesilo,,,14/08/2026 13:57
7da22ad2-1bca-4092-94d8-1ccfe7e6f948,bilgewater.earth,available,18.99,18.99,medium,low,10,namesilo,,,21/09/2026 23:46
ec82fc84-05de-4273-8d9d-beaa5d09a846,iliac.earth,available,18.99,18.99,medium,low,5,namesilo,,,21/08/2026 18:45
4c51a248-9dcf-4cf9-bc21-4f55374f04c0,insufficient.earth,available,18.99,18.99,medium,low,12,namesilo,,,01/10/2026 04:49
6d966cd4-4952-4b36-9e76-9850ccf859e7,morphine.earth,available,18.99,18.99,medium,low,8,namesilo,,,28/09/2026 10:27
c5fea9a0-f2e0-42e1-b00d-e0ebaa5f10a9,untraveled.earth,available,18.99,18.99,medium,low,10,namesilo,,,12/09/2026 21:42
71eb6bf2-f4b1-4dfb-8cc4-b2e9d3754031,interlaced.earth,available,18.99,18.99,medium,low,10,namesilo,,,22/08/2026 08:04
5b9d0cc4-efd4-4e91-a453-1b85bcc9439d,leslie.earth,available,18.99,18.99,medium,low,6,namesilo,,,25/09/2026 14:15
446a8a03-07b1-4d6c-a5ac-21bf58882386,drily.earth,available,18.99,18.99,medium,low,5,namesilo,,,14/09/2026 14:23
b82be3a9-9513-415f-a919-badd95f8646f,camail.earth,available,19.98,27.98,medium,low,6,namecheap,,,21/09/2026 09:01
e2b852c6-0314-4f8e-a5e0-64b7c9a0b07b,manganese.earth,available,19.98,27.98,medium,low,9,namecheap,,,20/09/2026 22:40
2d15e35e-0e35-4879-8c6c-c7c64dee7d5e,nihility.earth,available,18.99,18.99,medium,low,8,namesilo,,,13/09/2026 06:35
08387d02-4f22-4797-8d2a-7f746fe1a7fe,roughhewn.earth,available,19.98,27.98,high,medium,9,namecheap,,,09/09/2026 19:00
b61723b1-fbbc-43f3-9a9f-a79cc10d3eda,ive.earth,available,6.75,18.99,medium,low,3,namesilo,,,
be543f7f-176a-40c4-af87-622548aa8e1a,lower.earth,available,16.27,16.27,high,low,5,dynadot,,,29/09/2026 20:00
04f857e4-6f56-4ef6-aa84-182d8cd8f89d,cheeky.earth,available,18.99,18.99,high,low,6,namesilo,,,11/08/2026 02:26
25a97089-f725-4386-b0e5-43d15c970bb5,momently.earth,available,18.99,18.99,medium,low,8,namesilo,,,15/09/2026 15:21
e8c656bb-cb35-4179-9ec3-719e28f869df,gives.earth,premium,29.5,29.5,medium,low,5,namesilo,,,18/09/2026 13:54
77ecba58-ea03-48bd-b3af-523d16a0ed32,snuffling.earth,available,18.99,18.99,high,medium,9,namesilo,,,10/09/2026 12:36
0fcf1ccd-02e9-41e4-9e4e-c60c56d0021d,moldy.earth,available,19.98,27.98,medium,low,5,namecheap,,,25/09/2026 21:25
ef60e4af-6709-4717-8799-d2ae75c50026,malvern.earth,available,18.99,18.99,medium,low,7,namesilo,,,28/09/2026 16:50
0506609e-5166-4d9d-9fd4-85bb3266e61a,antiracist.earth,available,6.75,18.99,high,low,11,namesilo,,,
9975c503-58f0-4a20-b66b-03677e83477f,newell.earth,available,22.99,27.99,high,low,6,name.com,,,27/09/2026 18:17
6110a9ed-3818-4738-b288-8cc25b79d242,bowers.earth,available,15.96,15.96,high,low,6,porkbun,,,30/09/2026 21:44
2f66b10a-a8e5-4363-94bb-ba6a1f6d7792,cnn.earth,available,,,high,low,3,,,,
9f9c8c90-1e92-4e94-8af0-4e70aa74baa4,recipes.earth,available,18.99,18.99,medium,low,7,namesilo,,,29/09/2026 06:03
1228e2f1-ae13-415d-bc44-c6d130cd284e,polemical.earth,available,18.99,18.99,medium,low,9,namesilo,,,08/09/2026 22:53
710fa979-cbbe-45b4-91b2-ce633f99b726,proponent.earth,available,18.99,18.99,high,low,9,namesilo,,,17/09/2026 11:45
64691194-e52a-4f55-9a52-d6f2e121b953,hammered.earth,available,18.99,18.99,medium,low,8,namesilo,,,20/08/2026 22:59
9d98b378-c466-4903-89e0-76db0f4a6492,eagre.earth,available,18.99,18.99,medium,low,5,namesilo,,,14/08/2026 22:16
c733fbf8-ce24-49a0-b0a8-6fb079de6add,sororal.earth,available,18.99,18.99,medium,low,7,namesilo,,,10/09/2026 08:56
7e075863-137c-4895-9eb9-4a2992db1fd9,englewood.earth,available,19.98,27.98,medium,low,9,namecheap,,,28/09/2026 16:54
6fb80f9c-8232-4bf0-9235-821a4a18a0d2,corbin.earth,available,18.99,18.99,medium,low,6,namesilo,,,28/09/2026 07:42
8ac768f8-d9aa-44d0-b70d-bb6c22001142,daytona.earth,available,19.98,27.98,high,low,7,namecheap,,,28/09/2026 04:21
160d9b44-d62c-49ed-b28a-829d48374b79,genu.earth,available,19.98,27.98,medium,low,4,namecheap,,,20/09/2026 11:29
5d7be474-5d49-41c9-9610-004b9725d9a3,tetrad.earth,available,18.99,18.99,medium,low,6,namesilo,,,
c50718b5-49a0-4993-b2a3-48f107190e51,ric.earth,available,18.99,18.99,medium,low,3,namesilo,,,28/09/2026 15:49
8e4b98d1-acf3-4f4c-93e8-bd486c98d541,twinning.earth,available,18.99,18.99,high,low,8,namesilo,,,10/08/2026 04:17
808a9992-d00e-43f8-94c8-3243f4dbcbcd,officials.earth,available,18.99,18.99,medium,low,9,namesilo,,,17/09/2026 12:28
904a8b55-272e-4572-a290-9c184452c355,horsemen.earth,available,18.99,18.99,medium,low,8,namesilo,,,30/09/2026 23:19
3f64ee1c-3854-4dc0-9a43-2e72fe0acb32,traduce.earth,available,18.99,18.99,medium,low,7,namesilo,,,24/08/2026 14:06
830b3a7d-0a87-4f5d-a56d-c269837015fb,googler.earth,available,22.99,,high,low,7,name.com,,,
ae658732-ee96-40bf-9c46-44e9ddb3e7f9,hammy.earth,available,18.99,18.99,medium,low,5,namesilo,,,20/08/2026 23:05
38eae3fe-de75-46c3-a91f-4dc434a7d19f,healthful.earth,available,18.99,18.99,high,low,9,namesilo,,,21/08/2026 02:02
bf1e44a2-b029-4aca-8f60-0c81ada3aad3,cadets.earth,available,16.27,16.27,medium,low,6,dynadot,,,30/09/2026 00:49
87a29c10-5406-4429-9f79-b31f2bb3a9e5,breadfruit.earth,available,18.99,18.99,high,low,10,namesilo,,,20/09/2026 11:57
f4c1fab3-6acc-41ad-b190-bfb2bb1d0e0f,alger.earth,available,19.98,27.98,medium,low,5,namecheap,,,18/09/2026 06:56
ebdb0591-cebb-40e0-afc0-68a3baa9cf41,swamps.earth,premium,66,66,medium,low,6,dynadot,,,30/09/2026 15:45
c2f9650a-b145-4ecf-a5e0-c7b36462ae3d,yobo.earth,available,18.99,18.99,medium,low,4,namesilo,,,11/08/2026 08:48
508a4ad0-5579-494e-aea0-0198f22a32b2,nigerian.earth,available,18.99,18.99,high,low,8,namesilo,,,03/09/2026 17:12
1b1a51e0-1b7e-4826-93bb-e5cbc7cbee0b,hutchison.earth,available,19.98,27.98,medium,low,9,namecheap,,,28/09/2026 22:09
7042777a-edd2-46b8-b290-6011dabdaf17,youngish.earth,available,18.99,18.99,medium,low,8,namesilo,,,13/09/2026 14:49
d80dc360-9202-4341-8a95-440a5274cac7,wajda.earth,available,18.99,18.99,medium,low,5,namesilo,,,19/09/2026 05:01
b6660cda-c5bb-4936-9cb7-876f4ff21160,allergenic.earth,available,18.99,18.99,medium,low,10,namesilo,,,
c673eb7d-6f5f-49e6-9cc2-2b6487fd75b9,laughable.earth,available,18.99,18.99,high,low,9,namesilo,,,23/09/2026 15:25
061614f6-71d2-4db8-a860-81dd71a2d390,chargeman.earth,available,18.99,18.99,medium,low,9,namesilo,,,24/09/2026 04:25
76a2ecb2-5b38-423f-bb84-b08ecbe6f578,ernest.earth,available,18.99,18.99,high,low,6,namesilo,,,28/09/2026 11:52
c02a7eaa-7861-42d9-a807-31f7c5dc33fc,lange.earth,available,18.99,18.99,high,medium,5,namesilo,,,25/09/2026 04:56
18fd4b50-1ec8-4f61-9d9e-576b5aee7a36,enmity.earth,available,18.99,18.99,medium,low,6,namesilo,,,19/09/2026 12:26
bff9e04b-b9c4-4133-a3d7-893b243eaa42,vanquish.earth,available,18.99,18.99,medium,low,8,namesilo,,,09/08/2026 05:32
f4eafe10-d513-4e52-9376-27311d4ae25d,neutrophils.earth,available,18.99,18.99,low,low,11,namesilo,,,30/09/2026 14:46
5bc4d6d8-9ffe-461c-9989-e96468ccc3f0,offensive.earth,available,18.99,18.99,high,low,9,namesilo,,,14/08/2026 22:05
47fefda7-ee74-4233-8218-02c466362b04,wisent.earth,available,18.99,18.99,medium,low,6,namesilo,,,21/09/2026 04:34
4fb8857e-6e34-482c-bdb0-b635a109dbcf,creole.earth,available,18.99,18.99,high,low,6,namesilo,,,13/08/2026 06:07
7e85fb12-a2cd-41de-a5ba-477e429c2757,commonweal.earth,available,6.75,18.99,medium,low,11,namesilo,,,
342ce7ff-6590-4c9d-ab50-3d2f8d9f3a0c,bidding.earth,available,18.99,18.99,high,low,7,namesilo,,,23/09/2026 13:29
d9e6095a-29fb-46be-9b5c-9f5d07d81b50,reviewers.earth,available,18.99,18.99,medium,low,9,namesilo,,,21/09/2026 09:06
239e07d8-b27c-429b-a28f-883fe3ac45e3,prescription.earth,available,6.75,18.99,high,low,12,namesilo,,,
a8aeb3cb-dadb-4179-b206-907ee0fc4e20,overfed.earth,available,19.98,27.98,medium,low,7,namecheap,,,04/09/2026 20:33
400b588c-a69e-41fe-b7fe-68566080282f,amicable.earth,available,22.99,27.99,high,low,8,name.com,,,22/09/2026 04:19
099974de-5661-427a-bc43-79c8d8c976c2,invariable.earth,available,18.99,18.99,high,low,10,namesilo,,,12/08/2026 22:58
b1236c6b-5115-4f9d-8cdd-1879e81fba8f,beachfront.earth,available,19.98,27.98,high,low,10,namecheap,,,22/09/2026 19:04
1f463eb4-d12e-4779-903d-933715c0e779,purpleness.earth,available,18.99,18.99,high,medium,10,namesilo,,,09/09/2026 06:23
2bdfb525-1825-4526-8df6-d453a31b6b50,shaffer.earth,available,18.99,18.99,high,low,7,namesilo,,,29/09/2026 09:57
a2bfadeb-e5b6-4907-9164-c11a69a9efd5,stilted.earth,available,18.99,18.99,medium,low,7,namesilo,,,10/09/2026 20:37
43d87dbb-bfaa-4a0b-943c-f39776254ff2,mutagenic.earth,available,18.99,18.99,medium,low,9,namesilo,,,03/09/2026 11:37
7e7e85ff-60d5-4c73-aa13-65eda50e4bff,roundel.earth,available,19.98,27.98,medium,low,7,namecheap,,,19/09/2026 11:05
ef5605c4-00bd-4ffa-b15c-e61200aa3d7c,moneron.earth,available,18.99,18.99,medium,low,7,namesilo,,,25/08/2026 04:30
e4f84a9e-d680-4723-8b90-d79803592410,adversity.earth,available,18.99,18.99,high,low,9,namesilo,,,17/09/2026 10:54
56ef363d-0490-4a01-99f1-afdf16ac00a7,slept.earth,available,6.75,18.99,medium,low,5,namesilo,,,
602a1914-46dd-4194-b7e3-daa67a074386,fished.earth,available,18.99,18.99,medium,low,6,namesilo,,,01/10/2026 00:50
58caf414-42d5-4b0d-bd8d-3679cd73d1fd,fusty.earth,available,18.99,18.99,medium,low,5,namesilo,,,18/08/2026 16:42
e2b90be8-ed15-41b6-8977-4b2761a395f0,subject.earth,available,18.99,18.99,high,low,7,namesilo,,,03/09/2026 13:38
e01091fa-f1d3-4eb9-baf1-0663e04288da,declare.earth,available,19.98,27.98,high,low,7,namecheap,,,27/09/2026 16:32
1949e19e-2855-4595-9948-1f64bbee63f3,allophonic.earth,available,18.99,18.99,medium,low,10,namesilo,,,
c8087086-814b-4f98-8ba3-26ad0a41fbad,initiator.earth,available,16.27,16.27,high,low,9,dynadot,,,29/09/2026 13:07
bdf2ac80-c16d-47fe-b96a-0da7bac4940c,cactus.earth,available,18.99,18.99,high,low,6,namesilo,,,24/09/2026 11:36
185703d0-ddda-4918-85ba-3cf42485bda6,ringtail.earth,available,18.99,18.99,medium,low,8,namesilo,,,22/09/2026 12:08
bafcb87b-d17b-410b-9db5-b9fb2bd609da,reggio.earth,available,18.99,18.99,medium,low,6,namesilo,,,30/09/2026 12:52
b074d895-14db-4db3-b247-3893e7da9e51,alabaster.earth,available,18.99,18.99,high,low,9,namesilo,,,
99d88a5d-c041-4657-8577-d18d9cc9c9de,puncture.earth,available,16.27,16.27,high,low,8,dynadot,,,29/09/2026 20:04
c66e5a32-f549-417d-99cf-d98abcf52a25,involve.earth,available,16.27,16.27,high,low,7,dynadot,,,30/09/2026 05:28
bc8941e4-0410-4d63-a931-49bc71887505,womanish.earth,available,18.99,18.99,medium,low,8,namesilo,,,13/09/2026 12:58
fdc9d7fd-3a21-4c29-9b55-00faaf2f7839,lexical.earth,available,18.99,18.99,medium,low,7,namesilo,,,23/08/2026 00:42
23aaa739-2a11-4ebb-ad0d-1a424c61c8ff,paw.earth,available,18.99,18.99,high,low,3,namesilo,,,30/09/2026 01:49
31f73ee0-0641-45cd-958e-dd0515884d7c,vixenish.earth,available,18.99,18.99,medium,low,8,namesilo,,,13/09/2026 06:24
0caf231a-1cfb-42b6-bcc7-e3408e5f7be6,gatherer.earth,available,18.99,18.99,medium,low,8,namesilo,,,16/09/2026 23:20
5a191659-003e-4248-b951-3446fe06107c,starter.earth,available,19.98,27.98,high,low,7,namecheap,,,24/09/2026 19:47
3b6e017f-3c8a-4ccd-aa31-bfd3814c98c4,waxy.earth,available,18.99,18.99,medium,low,4,namesilo,,,09/08/2026 14:13
52920d74-98a0-45c9-9ba9-d0df8946381e,larceny.earth,available,18.99,18.99,medium,low,7,namesilo,,,11/09/2026 13:18
37bf9fa4-3129-4a57-a8cd-fd34109ff4d9,bhp.earth,available,16.27,16.27,high,low,3,dynadot,,,29/09/2026 21:45
05b3653f-2461-44ac-b4bb-ab34c6b1046a,arno.earth,available,18.99,18.99,high,low,4,namesilo,,,20/09/2026 08:12
78d6e1c2-8b4a-4d1b-9470-fe372ca224bc,bellows.earth,available,18.99,18.99,high,low,7,namesilo,,,23/09/2026 06:26
c5e70e8e-a060-43ac-8717-7dc3df1b50f9,barreled.earth,available,18.99,18.99,medium,low,8,namesilo,,,08/08/2026 20:46
a5eb952a-0364-45b1-92ef-d6f49d5adf23,decease.earth,available,19.98,27.98,medium,low,7,namecheap,,,24/09/2026 19:36
22cbb60e-8553-44cc-8939-50ad965ccb2c,bifurcate.earth,available,19.98,27.98,high,low,9,namecheap,,,09/08/2026 20:08
4c0af493-65d0-4a62-a7a5-295274a4ee73,descent.earth,available,18.99,18.99,high,low,7,namesilo,,,08/09/2026 13:07
fc7856a8-146b-4fd9-a56a-89c89b81e44e,worldly.earth,available,18.99,18.99,high,low,7,namesilo,,,10/08/2026 13:20
8ead3072-4cd0-42a6-979b-97b55009da0b,rko.earth,available,18.99,18.99,medium,low,3,namesilo,,,28/09/2026 21:41
0926da00-7a6f-4c45-a766-770e85eb1f44,demonstrates.earth,available,19.98,27.98,medium,low,12,namecheap,,,20/09/2026 23:55
233d37db-5839-4cfd-9330-60c426e9c5e1,mosul.earth,available,19.98,27.98,medium,low,5,namecheap,,,29/09/2026 19:43
57e8d91c-99fa-48f2-b65f-d55c9258edb5,rumbling.earth,available,19.98,27.98,high,low,8,namecheap,,,20/08/2026 20:34
6504aec4-ec14-4f8c-9375-631b645206ce,unevenly.earth,available,18.99,18.99,medium,low,8,namesilo,,,15/09/2026 22:30
25f1e0cb-5dfd-47ab-82bc-9652f54a0dd6,scythian.earth,available,18.99,18.99,medium,low,8,namesilo,,,10/09/2026 00:28
b5ba1dcf-3400-44f0-92d3-f293fd8cbcb4,astrodome.earth,available,19.98,27.98,medium,low,9,namecheap,,,20/09/2026 17:37
8538bb41-430e-4478-b6a8-36c9754f388d,rugose.earth,available,19.98,27.98,high,medium,6,namecheap,,,09/09/2026 19:20
e8cc2455-2201-4a30-acd3-60e60cb96de3,gavin.earth,available,18.99,18.99,high,low,5,namesilo,,,26/09/2026 03:29
cdc6411a-c05a-4906-82cd-6c74b009db77,warty.earth,available,18.99,18.99,medium,low,5,namesilo,,,13/09/2026 04:24
b551e360-b9ca-4b2c-b7de-f3ac930e0590,vince.earth,available,18.99,18.99,high,low,5,namesilo,,,27/09/2026 07:24
490efc1b-429e-44d1-9dc4-89073425ff1c,homer.earth,available,15.96,15.96,high,low,5,porkbun,,,30/09/2026 17:38
1fe55bfa-807f-4866-9227-881c12482901,corny.earth,available,18.99,18.99,medium,low,5,namesilo,,,23/09/2026 23:25
2bd5c424-1355-434d-b4ee-ee9cde1a9d0c,cystic.earth,available,22.99,27.99,medium,low,6,name.com,,,13/08/2026 14:36
70e3ad02-864c-4127-bb6b-71c9dbe37ad2,magnetized.earth,available,18.99,18.99,medium,low,10,namesilo,,,24/08/2026 13:04
419b6eef-0a29-421d-a8f9-a4f71dd1240d,hua.earth,available,19.98,27.98,high,low,3,namecheap,,,18/09/2026 01:18
334dbbcc-00f0-4a00-a0e4-2f8a9077a97f,conquered.earth,available,16.27,16.27,medium,low,9,dynadot,,,28/09/2026 23:05
e2178ac2-6339-4bea-9d93-99d494d05fb6,deducible.earth,available,18.99,18.99,medium,low,9,namesilo,,,13/08/2026 22:25
06e589a7-e21d-4abb-85a6-9ab7cdd5b411,uppity.earth,available,18.99,18.99,medium,low,6,namesilo,,,12/09/2026 23:17
cb3b0eed-639d-405f-a96f-4272b5a87a43,dunlap.earth,available,18.99,18.99,medium,low,6,namesilo,,,28/09/2026 12:20
a526a01c-4def-4a05-973d-d34328e96e1c,octuple.earth,available,18.99,18.99,medium,low,7,namesilo,,,15/08/2026 21:25
5a5d28de-f051-470d-ae89-00a83c369ece,appealing.earth,premium,29.5,29.5,high,low,9,namesilo,,,06/08/2026 05:51
e42c3818-f90f-4909-ad20-20349d089f3a,actually.earth,available,15.96,15.96,high,low,8,porkbun,,,28/09/2026 11:45
0c5f8751-be86-4629-939a-25d90eb1673b,domingo.earth,available,18.99,18.99,high,low,7,namesilo,,,25/09/2026 04:55
b734c807-d0ff-4547-9b85-de919c4039d4,resinlike.earth,available,18.99,18.99,medium,low,9,namesilo,,,09/09/2026 15:11
33f19376-3f05-434e-9f07-3e59ef50af44,beriberi.earth,available,18.99,18.99,medium,low,8,namesilo,,,23/09/2026 09:23
bc4e23ec-9f4a-4c8c-bff6-868793f06df8,unaffected.earth,available,18.99,18.99,high,low,10,namesilo,,,11/09/2026 23:59
bde5221a-26dc-4526-ae6e-41b96006cf2e,crummy.earth,available,18.99,18.99,medium,low,6,namesilo,,,11/08/2026 09:02
449480a7-d005-4361-bdb9-edbf89a4501d,biped.earth,available,18.99,18.99,high,low,5,namesilo,,,10/08/2026 05:14
ca0ab37e-18eb-4b60-9d3e-86536b2adda3,rudolph.earth,available,18.99,18.99,high,low,7,namesilo,,,25/09/2026 14:11
4c9dea97-2d28-4eef-8e90-3546e8c483ee,branchless.earth,available,18.99,18.99,medium,low,10,namesilo,,,11/08/2026 02:21
d795ef84-5289-452e-bf3a-5804edf99c27,ellipsoid.earth,available,18.99,18.99,medium,low,9,namesilo,,,16/08/2026 04:37
4be2207f-4215-48c4-be98-5ef2f76324e7,shareholders.earth,available,18.99,18.99,medium,low,12,namesilo,,,17/09/2026 15:53
d087a0af-2dfb-4b5c-995b-5e401daa05cd,glaucous.earth,available,18.99,18.99,high,low,8,namesilo,,,20/08/2026 14:16
f40f3ede-b197-4c37-9420-476f3ecf5a2a,keno.earth,available,18.99,18.99,high,low,4,namesilo,,,22/09/2026 20:42
0fb09fd8-25b5-49f1-a96a-51dcd94d5c5a,vocal.earth,available,18.99,18.99,high,low,5,namesilo,,,26/09/2026 03:23
68917ae3-55cc-4db1-aa53-9bf21dc533aa,commodity.earth,available,19.98,27.98,high,low,9,namecheap,,,29/09/2026 10:26
5c515e19-b93b-45bb-a852-e6501acc07a4,siberia.earth,available,19.98,27.98,high,low,7,namecheap,,,29/09/2026 20:20
9063800b-6378-480f-9c3a-5c7dc2e92c09,rhodesian.earth,available,18.99,18.99,high,low,9,namesilo,,,09/09/2026 16:41
876f9792-1076-42d8-9fac-fd3eb2f5bb98,enormous.earth,available,18.99,18.99,high,low,8,namesilo,,,17/08/2026 09:42
e2df46af-34ce-42e6-b5b1-ad9879fcdc9c,earthlike.earth,available,18.99,18.99,high,low,9,namesilo,,,14/08/2026 22:40
8b94775d-b92f-4489-bc9f-8cdb45c366b5,marijuana.earth,premium,153.6,153.6,high,low,9,namesilo,,,29/09/2026 07:08
cb14933e-d57f-4ad0-a7c1-3bc91971c049,cushioned.earth,available,18.99,18.99,high,low,9,namesilo,,,13/08/2026 11:53
39bb9ffe-90f7-40e3-9fd5-3d7c0ff3649b,embassy.earth,available,19.98,27.98,high,low,7,namecheap,,,28/09/2026 05:36
65aa7dee-4196-4f90-baf8-4d61f3ae9ba6,hassium.earth,available,18.99,18.99,medium,low,7,namesilo,,,20/09/2026 22:10
5412a183-0733-4bb1-987f-3f190e4680ad,denominations.earth,available,19.98,27.98,low,low,13,namecheap,,,21/09/2026 00:01
aebd850d-dd16-46ef-8b4f-3747c0c976ac,dumped.earth,available,19.98,27.98,low,low,6,namecheap,,,27/09/2026 03:17
ee283480-17aa-47dc-94e7-d805ad567339,heracles.earth,available,18.99,18.99,high,low,8,namesilo,,,18/09/2026 04:03
1d7f2dc0-f379-4fdc-92be-2507c3628a7d,betise.earth,available,18.99,18.99,medium,low,6,namesilo,,,23/09/2026 11:18
55a0ac69-57d7-45ac-a2ff-8f0c78c72af1,anyways.earth,available,19.98,27.98,medium,low,7,namecheap,,,13/09/2026 20:13
0435c149-3937-4560-a9d9-2a2cdf5012d2,dramatically.earth,available,19.98,27.98,medium,low,12,namecheap,,,29/09/2026 14:45
396b3840-5907-4227-8271-ada201456991,ghastly.earth,available,18.99,18.99,medium,low,7,namesilo,,,12/08/2026 02:39
ecf8a6ed-ecd3-4e9a-97e9-0f707011b62a,akkadian.earth,available,18.99,18.99,high,low,8,namesilo,,,18/09/2026 00:10
58ea8a4a-bc59-4e22-baae-45ed1d52c154,kirkland.earth,available,,,high,high,8,,,,
c177c018-bfa6-4c44-9c88-935dfbf8aeb3,clovis.earth,available,18.99,18.99,medium,low,6,namesilo,,,29/09/2026 00:26
036ee2ed-8b4d-4c85-a7e4-8bd1b9d2915d,jessie.earth,available,18.99,18.99,high,low,6,namesilo,,,25/09/2026 11:53
486d37b8-1da7-4bca-9a82-68a0a5922e38,barstow.earth,available,18.99,18.99,medium,low,7,namesilo,,,22/09/2026 08:54
d3bf6338-fc30-4214-9850-1769c2338ed6,askant.earth,available,18.99,18.99,medium,low,6,namesilo,,,07/08/2026 03:05
720506d2-34a8-48c4-be76-d054e2d07d8c,pelvis.earth,available,15.96,15.96,medium,low,6,porkbun,,,29/09/2026 19:56
2ad6137f-ff02-43ac-9f88-59f9283b7a03,hillsboro.earth,available,18.99,18.99,medium,low,9,namesilo,,,29/09/2026 04:37
7a4a0fe2-cc5b-4331-85b2-9931461b0555,caius.earth,available,16.27,16.27,medium,low,5,dynadot,,,30/09/2026 20:06
b8d7bee1-6d80-4ade-8cb8-19fdd5cca72d,breslau.earth,available,19.98,27.98,medium,low,7,namecheap,,,28/09/2026 18:29
5b9ebfa7-4b21-4b31-9de3-de33cb47a974,potential.earth,premium,71.4,71.4,high,low,9,namesilo,,,27/09/2026 04:46
04726387-16f7-4ae1-a340-8f47b8c6f998,roommates.earth,available,18.99,18.99,medium,low,9,namesilo,,,21/09/2026 02:59
6d36d4ac-601a-430b-8524-0e1829d312d9,insidious.earth,available,18.99,18.99,medium,low,9,namesilo,,,22/08/2026 07:05
ecee2540-10db-444f-b378-3fa393d52d6f,nichols.earth,available,18.99,18.99,high,low,7,namesilo,,,25/09/2026 17:20
ab0e004c-772f-49e3-a8b1-dd9f4f9ca8a8,fickle.earth,available,18.99,18.99,medium,low,6,namesilo,,,17/08/2026 12:48
31c4a795-bc42-40ee-8309-b73c5c2a12bf,proximal.earth,available,18.99,18.99,high,low,8,namesilo,,,09/09/2026 04:44
d8d461cd-7405-4891-ac2e-fb3ba7440774,midwest.earth,available,16.27,16.27,high,low,7,dynadot,,,29/09/2026 07:37
9a44aeee-2aad-4e7e-9a27-e1fd59926cf6,unpackaged.earth,available,18.99,18.99,medium,low,10,namesilo,,,12/09/2026 16:23
266b4585-841c-4822-8e0e-93eca4788c26,rattled.earth,available,18.99,18.99,medium,low,7,namesilo,,,18/08/2026 09:33
817ff55a-77d1-47f4-8cc0-d339336369cf,fargo.earth,available,18.99,18.99,high,low,5,namesilo,,,25/09/2026 22:42
bd1f1ed7-f92d-49f1-a2d6-9457c0e8d1f2,planetal.earth,available,19.98,27.98,high,low,8,namecheap,,,08/09/2026 20:42
9204a62f-8b37-48b0-ac21-c0444b1581db,mme.earth,available,16.27,16.27,high,low,3,dynadot,,,29/09/2026 03:05
48b2e4f9-0337-4423-bb0e-d968ccdcca34,belling.earth,available,18.99,18.99,medium,low,7,namesilo,,,23/09/2026 06:11
14634336-33cf-4ea2-afad-85acd2443136,ferny.earth,available,18.99,18.99,high,low,5,namesilo,,,18/08/2026 02:00
bda90a0e-7450-4c2c-b1a9-02a1113f6757,alborg.earth,available,18.99,18.99,medium,low,6,namesilo,,,16/09/2026 13:12
9f879150-8383-4289-9a5e-8e8d609622ed,chromosome.earth,available,16.27,16.27,medium,low,10,dynadot,,,30/09/2026 09:09
4d73b813-541f-43a0-8ec8-a03263134ac4,cowardly.earth,available,18.99,18.99,medium,low,8,namesilo,,,13/08/2026 04:07
e72b59ed-b9f3-4c99-8218-f24065fb4e47,extracted.earth,available,16.27,16.27,medium,low,9,dynadot,,,29/09/2026 10:37
de9b27db-2a3d-47f3-a15b-9c7735c4a806,georgian.earth,available,18.99,18.99,high,low,8,namesilo,,,18/08/2026 22:37
3d3ae135-4410-4eca-9783-8aa3eecafcf2,crustacean.earth,available,18.99,18.99,high,low,10,namesilo,,,13/08/2026 09:19
6d0a963f-358a-4c85-af01-b3f2d09a0036,recyclable.earth,available,18.99,18.99,high,low,10,namesilo,,,09/09/2026 11:31
4593b9cc-79ff-443c-8103-93a8d64e0c94,egbert.earth,available,18.99,18.99,medium,low,6,namesilo,,,01/10/2026 01:50
4da437f8-61db-444e-ae29-f04f0a23aa4e,humiliated.earth,available,18.99,18.99,medium,low,10,namesilo,,,21/08/2026 15:03
641c9a94-4662-4aa6-bc88-830f618a45d1,impostor.earth,available,18.99,18.99,medium,low,8,namesilo,,,09/09/2026 04:59
820a7ca2-b66e-4cfc-bddb-0c17cc66c296,hostelry.earth,available,22.99,27.99,medium,low,8,name.com,,,21/09/2026 02:26
f288601b-db3a-40a7-a59b-698e262c856a,coal.earth,premium,,,high,low,4,,,,28/09/2026 01:38
40e1effc-d500-4304-ba8a-70b5041b366d,fitchburg.earth,available,18.99,18.99,medium,low,9,namesilo,,,30/09/2026 04:33
eb9544a5-ef52-467d-aecb-689e57d395c4,darnel.earth,available,19.98,27.98,medium,low,6,namecheap,,,22/09/2026 21:10
6081c907-3815-47f6-87f5-27f122e5caf7,wimpy.earth,available,18.99,18.99,medium,low,5,namesilo,,,13/09/2026 12:06
7ed1a8f0-d93d-4a43-b2d5-e17e0fb27837,compeer.earth,available,18.99,18.99,medium,low,7,namesilo,,,17/08/2026 11:35
f5015dd2-e64e-4bf7-af29-700f05913bc7,hadal.earth,available,19.98,27.98,medium,low,5,namecheap,,,20/08/2026 21:30
cfc34c48-fcb3-4980-9542-d3dc8bf610cb,pertinence.earth,available,19.98,27.98,medium,low,10,namecheap,,,19/09/2026 21:52
b766b6fa-bb37-476b-94b7-26c348d2ea99,sardonic.earth,available,18.99,18.99,high,medium,8,namesilo,,,09/09/2026 21:31
a9959eb3-d2d0-4451-91d0-5678f8c348ef,kensington.earth,available,19.98,27.98,high,low,10,namecheap,,,30/09/2026 12:20
0e250159-0650-475d-8752-0d6d7d837557,applause.earth,available,19.98,27.98,high,low,8,namecheap,,,19/09/2026 20:55
7aa531c9-e4e7-488a-9829-2d57ad6ade0b,camille.earth,available,18.99,18.99,high,low,7,namesilo,,,27/09/2026 07:42
481c11bb-dda9-48f1-83d5-d7c59bfe621c,blither.earth,available,18.99,18.99,medium,low,7,namesilo,,,24/09/2026 04:54
c60c7254-685a-4790-b9dc-9c615fc8e74a,gunner.earth,available,18.99,18.99,high,low,6,namesilo,,,20/09/2026 11:48
ca794f87-775b-432d-b634-d40e4b733ba0,pareto.earth,available,15.96,15.96,high,low,6,porkbun,,,30/09/2026 18:17
ba8d52cb-b428-405c-bcab-0b61005534e3,blase.earth,available,18.99,18.99,medium,low,5,namesilo,,,10/08/2026 13:19
763cde02-a905-4987-8d69-37a2764552a6,fatten.earth,available,18.99,18.99,high,low,6,namesilo,,,17/08/2026 23:09
215a77f7-c118-454e-835b-9aec7235d4bc,exeter.earth,available,18.99,18.99,medium,low,6,namesilo,,,25/09/2026 14:27
e9d868ca-bba2-409a-8691-2ff321b71cf1,illegalize.earth,available,19.98,27.98,medium,low,10,namecheap,,,04/09/2026 19:26
201c4fb5-98f7-4951-91cf-2d67518c42f5,causally.earth,available,18.99,18.99,medium,low,8,namesilo,,,14/09/2026 06:01
2704d02a-4a2f-483a-b6c3-e6d15375c424,helga.earth,available,19.98,27.98,high,low,5,namecheap,,,30/09/2026 21:14
317fac8a-3677-435b-9e61-eaf3327bba7d,infamous.earth,available,19.98,27.98,medium,low,8,namecheap,,,21/08/2026 19:04
8ce01e63-86fb-4997-b82d-86d7ed8dd739,throngs.earth,available,18.99,18.99,medium,low,7,namesilo,,,20/09/2026 14:21
6619df02-06e7-432d-93e8-0aaa3f7b5526,technetium.earth,available,18.99,18.99,medium,low,10,namesilo,,,20/09/2026 23:06
7ae3f499-768c-4aed-8868-ae331c2698d3,mildred.earth,available,18.99,18.99,medium,low,7,namesilo,,,28/09/2026 12:04
82692aa3-2c0d-4274-8d1c-727fd002585f,ensuing.earth,available,18.99,18.99,medium,low,7,namesilo,,,17/08/2026 09:51
e149ec82-ec64-4d4b-9c25-343e079e33e2,unexcited.earth,available,18.99,18.99,medium,low,9,namesilo,,,12/09/2026 09:30
1425b50b-2300-4acd-ad6d-d72dea433f66,marine.earth,premium,150,150,high,low,6,name.com,,,25/09/2026 16:45
82d01ed9-07b9-4954-a114-d6a0664848c2,abuse.earth,premium,153.6,153.6,high,low,5,namesilo,,,08/09/2026 12:39
3b7141a7-27f8-4ca6-9689-8ed3483d1271,swimwear.earth,available,18.99,18.99,high,low,8,namesilo,,,22/09/2026 13:39
48572c97-059b-4703-872f-655a8c7c5862,snoek.earth,available,18.99,18.99,medium,low,5,namesilo,,,22/09/2026 07:53
b004106f-e2a8-413c-976a-ecddd3d8449f,villainous.earth,available,18.99,18.99,medium,low,10,namesilo,,,03/09/2026 14:59
b6523ce8-dfd5-4401-9a68-a07b64528b02,nutriment.earth,available,18.99,18.99,medium,low,9,namesilo,,,18/09/2026 07:52
cbc68963-7e57-4d59-9603-c39dd1200ae0,aye.earth,available,15.96,15.96,medium,low,3,porkbun,,,29/09/2026 14:22
ca017291-a067-4db0-84b4-3e8591067efd,windup.earth,available,18.99,18.99,medium,low,6,namesilo,,,13/09/2026 12:18
d2ae2eb3-612a-485e-9d62-20fcb14d6bad,polluted.earth,premium,29.5,29.5,high,low,8,namesilo,,,08/09/2026 23:08
5df61817-d36a-46a0-a45b-b7186e1e4bba,jubilant.earth,available,18.99,18.99,high,low,8,namesilo,,,17/08/2026 19:46
d9c5d743-41c2-4049-b8dc-5c35f7560e1e,xian.earth,available,19.98,27.98,high,low,4,namecheap,,,30/09/2026 16:40
913ee83b-6411-488f-85f2-3f3f12aaf51c,taiwanese.earth,available,18.99,18.99,high,low,9,namesilo,,,18/08/2026 12:14
9eb9f5e3-53d2-44d3-a205-619e6db57d8f,dickens.earth,available,18.99,18.99,high,low,7,namesilo,,,29/09/2026 08:15
ab760dad-a248-4b76-b545-b56f75b1ab39,lissome.earth,available,18.99,18.99,medium,low,7,namesilo,,,23/08/2026 23:39
f4cf221b-2313-401b-9f43-ce0f47b6d360,cartwright.earth,available,18.99,18.99,medium,low,10,namesilo,,,30/09/2026 01:00
54544853-a75e-48db-ad31-f03aed7137fa,saleh.earth,available,15.96,15.96,medium,low,5,porkbun,,,29/09/2026 22:35
8bdaca95-04b4-4793-a43e-c89ea8b9f6e7,avaram.earth,available,19.98,27.98,medium,low,6,namecheap,,,21/09/2026 08:40
0ba3d134-6eaf-4935-94b1-29c519dae604,silhouettes.earth,available,19.98,27.98,medium,low,11,namecheap,,,20/09/2026 11:57
7a3c1c82-285c-4626-bb48-0d2040476aaf,saltlike.earth,available,19.98,27.98,high,medium,8,namecheap,,,09/09/2026 20:58
6e6ae3ec-a690-4fa8-9ad9-bb5d2e804bba,corbett.earth,available,18.99,18.99,high,low,7,namesilo,,,27/09/2026 03:35
c58c4a83-448d-479b-9a36-9a0867db3130,guile.earth,available,18.99,18.99,medium,low,5,namesilo,,,13/08/2026 10:41
d04f9e32-a5ad-4bb8-8ea6-1be0bde9e5fb,andalucia.earth,available,19.98,27.98,high,low,9,namecheap,,,19/09/2026 03:58
623c2779-80ea-4af1-b8dd-44d58d27dc94,jonson.earth,available,18.99,18.99,medium,low,6,namesilo,,,23/09/2026 07:26
8adeaad7-7927-4339-ac7c-3b572c87c6a9,appanage.earth,available,19.98,27.98,medium,low,8,namecheap,,,19/09/2026 16:11
f196ca50-280d-447e-a1f8-5ec511ecb8ef,acrilan.earth,available,18.99,18.99,medium,low,7,namesilo,,,17/09/2026 03:06
ed5280e2-7f88-49bc-b9c8-bae6e8a4e663,pornographic.earth,available,19.98,27.98,medium,low,12,namecheap,,,29/09/2026 20:53
ea3a67f0-c933-44e2-ae52-f27774256b8e,eyebrows.earth,available,19.98,27.98,medium,low,8,namecheap,,,30/09/2026 06:11
ad983c00-accc-4989-8e67-965ae18e3195,hysteric.earth,available,18.99,18.99,medium,low,8,namesilo,,,21/08/2026 17:20
615a253c-00f7-4cfe-98c5-c3ca8fd08e02,hallmark.earth,available,18.99,18.99,high,medium,8,namesilo,,,20/09/2026 15:56
18a17455-ffd4-4e9c-9db4-c787d8ba15d0,afterward.earth,available,18.99,18.99,medium,low,9,namesilo,,,
8a7b0b8a-dafa-4538-b62c-2a55082f7cb5,valueless.earth,available,18.99,18.99,medium,low,9,namesilo,,,13/09/2026 01:01
9010fa8b-0836-4c14-a074-8ba6dfc00347,sorcery.earth,available,18.99,18.99,high,low,7,namesilo,,,23/09/2026 23:51
d964e0ea-fec0-4986-af0f-b888c487b7ee,reconstructed.earth,available,18.99,18.99,medium,low,13,namesilo,,,30/09/2026 22:29
8d201d32-1eb5-440c-bce9-940e8458e410,determine.earth,available,18.99,18.99,high,low,9,namesilo,,,30/09/2026 11:01
7ea7686f-e7e0-4c86-80fe-bcb06250424d,welles.earth,available,22.99,27.99,high,low,6,name.com,,,27/09/2026 04:13
73591162-f469-4a1c-ac03-854c9b74aa62,allergist.earth,available,19.98,27.98,medium,low,9,namecheap,,,28/09/2026 20:30
fde53694-0071-4ac5-9f77-1cb126575b65,dully.earth,available,18.99,18.99,low,low,5,namesilo,,,14/09/2026 14:43
b3f5eafc-8c46-4e6d-aecf-2f071a02e00c,sassy.earth,available,19.98,27.98,high,low,5,namecheap,,,04/09/2026 20:24
a4572461-bf12-4934-911d-03c409dd5564,approver.earth,available,19.98,27.98,medium,low,8,namecheap,,,19/09/2026 22:24
e831f9f0-449b-4495-a83d-3a813bad1f08,cyclic.earth,available,22.99,27.99,high,low,6,name.com,,,13/08/2026 13:31
369c7424-2f4f-4226-891e-9a7e5c9055f5,rubicund.earth,available,19.98,27.98,high,medium,8,namecheap,,,09/09/2026 19:17
91fe988b-f917-4622-9004-2598c3702958,composite.earth,available,19.98,27.98,high,low,9,namecheap,,,23/09/2026 17:39
8f980572-6149-4fe3-85c9-17ce92294084,lastly.earth,available,16.27,16.27,medium,low,6,dynadot,,,28/09/2026 15:27
d5eb2f55-dc27-4ce9-bacc-a5d09c812cdb,listed.earth,available,18.99,18.99,high,low,6,namesilo,,,25/09/2026 13:56
8da31122-041b-4a35-b198-47ba90bf5a5c,grounding.earth,resell,,,high,low,9,,,,30/09/2026 17:05
c6b58c52-40b6-4219-943e-ed00da2c8065,wakeful.earth,available,18.99,18.99,medium,low,7,namesilo,,,04/09/2026 16:03
5c31bdff-513f-47a9-aa7e-b19f5a771a78,becquerel.earth,available,18.99,18.99,medium,low,9,namesilo,,,19/09/2026 15:23
d32ea980-7790-49c3-b69d-9ca64b78b752,palish.earth,available,18.99,18.99,medium,low,6,namesilo,,,04/09/2026 23:41
0f48b027-d249-4f7a-aba1-66dffd4d5f05,atomiser.earth,available,18.99,18.99,medium,low,8,namesilo,,,21/09/2026 00:19
e3cb0fb4-864a-4bc9-a6ab-ea09facebb60,beagle.earth,premium,78,78,high,low,6,namecheap,,,22/09/2026 19:37
73cd91b3-c40b-4419-8066-6edbf5f514fa,bred.earth,available,18.99,18.99,high,low,4,namesilo,,,29/09/2026 14:17
55a03866-2260-45b2-9813-5d8d5f7df1f8,mussy.earth,available,19.98,27.98,medium,low,5,namecheap,,,24/08/2026 21:24
20957c6e-455d-481d-bd9f-45308e60999f,scholastic.earth,available,18.99,18.99,high,medium,10,namesilo,,,09/09/2026 23:13
af3a5a4b-12ec-43bd-bed6-f36db64122ff,almaty.earth,available,22.99,27.99,medium,low,6,name.com,,,18/09/2026 12:22
40865a2a-f155-4156-8003-903523bc3cd6,ramsay.earth,available,18.99,18.99,medium,low,6,namesilo,,,25/09/2026 15:54
2cbb9d13-4773-434b-a44c-c822136084dd,hazy.earth,available,18.99,18.99,high,low,4,namesilo,,,25/09/2026 10:48
20c1c6e8-0626-4337-8e49-15d2ab9b9b89,freakish.earth,available,18.99,18.99,high,low,8,namesilo,,,10/08/2026 09:56
336d0f9d-8f1d-47a1-ae5d-f9600b1dd0ef,gravy.earth,available,19.98,27.98,high,low,5,namecheap,,,24/09/2026 11:11
7248849f-80d3-448a-8916-e04cf95023f0,honeymoons.earth,available,18.99,18.99,medium,low,10,namesilo,,,20/09/2026 01:32
b1d7d09d-c31d-44a3-9619-842447256c7a,metric.earth,resell,,,high,low,6,"GoDaddy.com, LLC",04/09/2018 06:01,04/09/2027 06:01,26/09/2026 07:32
3eafd161-d54c-43ca-b030-5ae89e0b4baf,ceric.earth,available,18.99,18.99,medium,low,5,namesilo,,,12/08/2026 00:39
39c5836c-b3fa-4a9c-8b58-3595da6f30f9,overdressed.earth,available,18.99,18.99,medium,low,12,namesilo,,,16/09/2026 17:42
6584720c-0614-4088-b4b6-fee5d939f38d,rale.earth,available,18.99,18.99,high,medium,4,namesilo,,,09/09/2026 10:37
08e1df56-63d5-4ed9-913d-b11200f39309,lawless.earth,available,18.99,18.99,medium,low,7,namesilo,,,
856c4396-b2c9-4e12-8315-db3f12533e19,ballyrag.earth,available,18.99,18.99,medium,low,8,namesilo,,,11/08/2026 08:57
6978e3d4-28ca-440f-b1c7-36ad8ad0c157,enchained.earth,available,18.99,18.99,medium,low,9,namesilo,,,12/08/2026 01:24
c35da34c-8e6c-44ce-9c11-1a260683476a,cough.earth,available,22.99,27.99,medium,low,5,name.com,,,24/09/2026 18:37
48184812-d674-4165-9dc4-510b9cf57513,beerbohm.earth,available,18.99,18.99,medium,low,8,namesilo,,,23/09/2026 01:47
0cb32fbb-412e-4c31-abde-20b18e67b5ed,incumbent.earth,available,18.99,18.99,high,low,9,namesilo,,,22/08/2026 02:03
34f4179a-1d5c-46d6-9f1d-31c334aeff13,catclaw.earth,available,18.99,18.99,high,low,7,namesilo,,,23/09/2026 23:59
aec4a8eb-9115-4afc-8e9a-1a5b201cea09,esthesis.earth,available,19.98,27.98,low,low,8,namecheap,,,17/09/2026 13:28
9d8c2c2b-3131-47f2-b503-03c68429fe6b,heirs.earth,available,29.99,29.99,medium,low,5,godaddy,,,01/10/2026 00:10
6ed6cfc3-dd99-4939-844c-441b365e7a83,nikola.earth,available,16.27,16.27,high,low,6,dynadot,,,29/09/2026 22:11
079625dc-ffcc-4861-b7cf-0491589b540a,painterly.earth,available,18.99,18.99,medium,low,9,namesilo,,,04/09/2026 23:08
7e3d2e33-5d48-4468-a679-c95695c78403,junk.earth,available,19.98,27.98,medium,low,4,namecheap,,,24/09/2026 21:06
1626ba3f-8cb6-4a6d-8302-6c9b45d431ff,regressive.earth,available,18.99,18.99,high,medium,10,namesilo,,,09/09/2026 12:59
0246509a-dbe1-452f-b669-f0b3831911f3,pillowcase.earth,available,22.99,,medium,low,11,name.com,,,
03da238a-0684-4db1-8f8c-45d9fe01575b,downstage.earth,available,19.98,27.98,medium,low,9,namecheap,,,14/08/2026 17:53
2d83085e-cc71-4512-a8f6-ec2399b95027,assort.earth,available,19.98,27.98,medium,low,6,namecheap,,,17/09/2026 14:23
44f45d5b-1492-4f65-b819-1fdde6872a11,importantly.earth,available,19.98,27.98,medium,low,11,namecheap,,,01/10/2026 06:18
5999c8da-3ace-4250-a261-d0d3740a7755,acquitted.earth,available,19.98,27.98,medium,low,9,namecheap,,,
c854b9af-30e2-4294-a1b3-d082436a3c13,shrewdness.earth,available,19.98,27.98,high,low,10,namecheap,,,20/09/2026 18:18
b94e75b6-b007-44e2-8eb1-bf9788bc789c,incitive.earth,available,18.99,18.99,medium,low,8,namesilo,,,22/08/2026 01:27
ff20e568-22e6-4ec6-ae58-2db72e17cff5,turds.earth,available,18.99,18.99,low,low,5,namesilo,,,18/09/2026 11:32
4de07984-359b-4c08-99e2-bdf916f59297,rime.earth,available,18.99,18.99,medium,low,4,namesilo,,,21/08/2026 10:08
a752c483-4797-4cf3-b2a2-e38a80c6c9e2,ambuscade.earth,available,18.99,18.99,medium,low,9,namesilo,,,24/08/2026 12:31
ab9f885c-8309-438a-9592-8b9479e91d53,blate.earth,available,18.99,18.99,medium,low,5,namesilo,,,10/08/2026 13:35
d5dd8d41-c4d1-44a9-9a09-950aad255d88,zoological.earth,available,18.99,18.99,high,low,10,namesilo,,,13/09/2026 15:33
f23ea0cc-3e6f-470b-8334-fbb90f0efabc,modernisation.earth,available,18.99,18.99,high,low,13,namesilo,,,30/09/2026 23:56
9f083856-8f7f-48f3-b15b-3533b677c566,alarmist.earth,available,19.98,27.98,medium,low,8,namecheap,,,18/09/2026 01:59
fd49609d-7539-4565-bc64-e219da178c3c,bernadette.earth,available,18.99,18.99,medium,low,10,namesilo,,,30/09/2026 05:01
9b9bc94a-47b1-435b-8adc-ad6b28fc6245,clawed.earth,available,18.99,18.99,medium,low,6,namesilo,,,12/08/2026 10:02
2a9188b8-1dfb-49c9-bd9e-c8cf8a447f3b,brentwood.earth,available,19.98,27.98,medium,low,9,namecheap,,,29/09/2026 10:01
f7793ac6-2096-44f3-9079-65b9e5ebdcaf,slovakian.earth,available,18.99,18.99,medium,low,9,namesilo,,,10/09/2026 11:16
7e09690f-249f-4341-9cf9-0e38a24920bb,belarusian.earth,available,18.99,18.99,medium,low,10,namesilo,,,09/08/2026 12:32
a364cd25-9b60-4612-b8d3-f2b9ff42169d,anciently.earth,available,18.99,18.99,medium,low,9,namesilo,,,13/09/2026 19:42
45d4c930-a3d7-454d-8f6e-c03a651dc6d3,epistolary.earth,available,18.99,18.99,medium,low,10,namesilo,,,17/08/2026 11:14
d240398b-7366-4e3e-8175-45b91dbfc4c5,sibylline.earth,available,18.99,18.99,medium,low,9,namesilo,,,11/08/2026 12:20
784d4cf8-6f7f-42a1-aa2e-0707de14c615,laurels.earth,available,18.99,18.99,high,low,7,namesilo,,,16/09/2026 22:48
65983a05-d7a1-45f2-8013-3952b16c98fa,apodemus.earth,available,19.98,27.98,medium,low,8,namecheap,,,19/09/2026 18:19
eb526825-36ef-464a-9703-411f73c87e88,cass.earth,available,18.99,18.99,medium,low,4,namesilo,,,29/09/2026 14:59
68ee9792-77f4-40fa-844e-6adf238ba712,charlene.earth,available,19.98,27.98,medium,low,8,namecheap,,,30/09/2026 21:03
f8e2356a-542e-4774-aade-9014cbc721f9,seafaring.earth,premium,29.5,29.5,medium,low,9,namesilo,,,04/09/2026 00:22
89f344be-2ef0-44ac-ab29-2edb27898854,unsure.earth,available,18.99,18.99,medium,low,6,namesilo,,,22/08/2026 01:08
c8365da7-7bce-4ffc-93dd-2d5e9d03dce5,claremont.earth,available,18.99,18.99,high,low,9,namesilo,,,27/09/2026 08:22
ebe9af34-19f4-4b55-b34b-3f9a6d9b69ed,fowl.earth,available,18.99,18.99,high,low,4,namesilo,,,30/09/2026 17:01
04345c85-05f0-4a4f-9e59-a44e18602df9,audio.earth,premium,153.6,153.6,high,low,5,namesilo,,,28/09/2026 23:15
e55e5311-f0e5-4f6e-b190-318e9d4679cc,antitoxic.earth,available,18.99,18.99,medium,low,9,namesilo,,,05/08/2026 19:55
ef0df884-b2aa-4e08-9c6e-d5b9bd5ddf5e,velvetleaf.earth,available,19.98,27.98,high,low,10,namecheap,,,16/09/2026 19:24
026d4b2a-3c9b-4a93-8658-9911c5ae3ace,atypical.earth,available,18.99,18.99,high,low,8,namesilo,,,07/08/2026 16:06
29730847-67f3-446b-92ae-7afacbf13120,waverley.earth,available,16.27,16.27,medium,low,8,dynadot,,,29/09/2026 09:35
82df2f29-b930-41df-9a04-0ddf65bfd599,marathi.earth,available,16.27,16.27,medium,low,7,dynadot,,,29/09/2026 19:35
04a278aa-f075-4d51-8f4e-dd4976480cca,archdeacon.earth,available,18.99,18.99,medium,low,10,namesilo,,,20/09/2026 01:53
cdaaa191-1c23-448f-856a-64f22d3c9f78,pulverized.earth,available,18.99,18.99,medium,low,10,namesilo,,,18/08/2026 04:41
a6fe8d4e-9161-4c6e-843d-2e9351596b64,flatbush.earth,available,15.96,15.96,medium,low,8,porkbun,,,30/09/2026 22:06
7e92487b-311d-4828-80da-54b5496dd772,muriel.earth,available,18.99,18.99,medium,low,6,namesilo,,,28/09/2026 12:06
f74e5ae9-1fca-48ef-bdcd-55526ae040e8,naughty.earth,available,19.98,27.98,high,low,7,namecheap,,,18/08/2026 20:00
94126569-45f5-4e09-ad5b-46237e59b92c,absorbent.earth,available,18.99,18.99,high,low,9,namesilo,,,
fbc0b9d8-ef42-449a-b644-80c3dc22c5bb,insistent.earth,available,18.99,18.99,medium,low,9,namesilo,,,13/08/2026 09:33
1cabad3f-0cc8-4512-9a70-698f0866ab56,ammonia.earth,available,22.99,27.99,high,low,7,name.com,,,18/09/2026 22:08
94684439-adc1-474a-85ac-2e3338d47e12,hydroxy.earth,available,18.99,18.99,medium,low,7,namesilo,,,21/08/2026 16:25
e76082f5-874e-466e-96eb-f64ae3479531,tattered.earth,available,18.99,18.99,high,medium,8,namesilo,,,10/09/2026 06:05
e24d0c95-ec94-431a-a747-28e512841209,quartz.earth,available,15.96,15.96,high,low,6,porkbun,,,30/09/2026 10:24
2ce9b3a0-88fa-4883-9204-af6eb74f8639,prehensile.earth,available,18.99,18.99,medium,low,10,namesilo,,,07/08/2026 22:14
89d9337d-45e7-4dd3-a3b3-49f1c9bd5aca,shoed.earth,available,18.99,18.99,high,medium,5,namesilo,,,10/09/2026 06:43
3b0b52c6-8138-4cb2-8e62-f384440ca2c6,wifelike.earth,available,18.99,18.99,medium,low,8,namesilo,,,13/09/2026 00:29
a14a3fa4-359b-42b0-89a8-4c0e2035ef6d,dandyish.earth,available,22.99,27.99,medium,low,8,name.com,,,13/08/2026 17:03
64230d6f-02e8-4388-9843-f0d61a0b320f,lowbrow.earth,available,18.99,18.99,medium,low,7,namesilo,,,
cb552d29-a7c8-45c0-8408-e62a7b020b90,isothermal.earth,available,18.99,18.99,high,low,10,namesilo,,,22/08/2026 11:22
8c6ebe8c-186a-42d8-86a0-b94223e55cd5,astragal.earth,available,18.99,18.99,medium,low,8,namesilo,,,19/09/2026 09:44
64688de7-7132-4754-8e62-4121edb5ad9c,tibet.earth,available,19.98,27.98,high,low,5,namecheap,,,28/09/2026 20:29
4be6d3c0-c192-48da-96df-b8f2931f4a03,acrophobia.earth,available,18.99,18.99,medium,low,10,namesilo,,,17/09/2026 03:53
b687a1a3-3054-4b06-8605-6d7d5191864c,warlike.earth,available,18.99,18.99,medium,low,7,namesilo,,,21/08/2026 01:40
d3c4f5ca-942d-4882-abcd-eb304e030b2a,instead.earth,available,18.99,18.99,medium,low,7,namesilo,,,28/09/2026 12:08
e530f7a8-2c15-4721-a4a6-bcdc0400b9e2,narrator.earth,available,18.99,18.99,high,low,8,namesilo,,,27/09/2026 04:49
94343d5b-8f98-4631-bd26-f4f732aaacdf,artificially.earth,available,18.99,18.99,medium,low,12,namesilo,,,30/09/2026 12:09
5a648ca8-bfaa-4847-908f-d57baf1a3236,mpc.earth,available,19.98,27.98,high,low,3,namecheap,,,30/09/2026 22:14
62e49c51-6769-4165-882a-688a19383c9d,tardy.earth,available,18.99,18.99,low,low,5,namesilo,,,09/08/2026 12:42
117fd54e-53b1-46ba-b2b4-e02326fa3010,maximizing.earth,available,19.98,27.98,high,low,10,namecheap,,,24/08/2026 17:56
ec1c5589-e952-4d16-91d5-abcf030b9495,csf.earth,available,18.99,18.99,medium,low,3,namesilo,,,29/09/2026 06:05
872fbd73-e4a1-4252-b2b5-a6b53e256153,biryani.earth,available,18.99,18.99,high,low,7,namesilo,,,23/09/2026 20:44
99cf530c-c679-4a29-b52a-defcfc6f513d,barramundi.earth,available,19.98,27.98,medium,low,10,namecheap,,,20/09/2026 14:04
6f77c44c-fc03-405c-86ae-9c8a656c50ab,terminated.earth,available,18.99,18.99,high,low,10,namesilo,,,19/09/2026 16:25
27da03a9-6b1e-48bf-9110-fca122bb127a,accompanied.earth,available,18.99,18.99,medium,low,11,namesilo,,,29/09/2026 10:27
a25e0de7-eea8-44bd-a39d-ffd9d322f90b,homy.earth,available,18.99,18.99,medium,low,4,namesilo,,,21/08/2026 11:08
894b4bdc-5913-4625-871e-4f35ae17b0dc,strabismus.earth,available,19.98,27.98,low,low,10,namecheap,,,10/09/2026 17:49
a6094c0a-f38d-449b-ac1b-3d067994b916,oxidised.earth,available,18.99,18.99,medium,low,8,namesilo,,,04/09/2026 22:28
2f576ce1-2e54-48b8-9a5d-e9645ec4512e,nonresident.earth,available,16.27,16.27,medium,low,12,dynadot,,,30/09/2026 14:39
9203ca10-2e02-4b22-9328-d22605908d32,asylum.earth,available,19.98,27.98,high,low,6,namecheap,,,20/09/2026 18:37
a39b5dde-d910-4127-9585-6a8cab137d45,traveled.earth,available,16.27,16.27,high,low,8,dynadot,,,28/09/2026 09:30
2ad93289-d442-4708-b2c8-44abcdcd5a6b,ruling.earth,available,18.99,18.99,high,medium,6,namesilo,,,09/09/2026 12:58
c678d6f5-d3d5-42bb-a599-ec5187e66506,yobbo.earth,available,18.99,18.99,medium,low,5,namesilo,,,11/08/2026 08:50
26dcd2ee-22c4-49aa-b4c8-0737b621a5db,tomatoes.earth,available,18.99,18.99,medium,low,8,namesilo,,,28/09/2026 12:33
ee85e8f0-6c9e-4c2a-892f-b6db4c95ebbc,totalizer.earth,available,18.99,18.99,medium,low,9,namesilo,,,17/09/2026 06:58
6b5b1d1f-9d28-4e38-8b27-376365c5c744,marshal.earth,available,19.98,27.98,high,low,7,namecheap,,,28/09/2026 19:50
6a5bb391-8a91-40ca-a7dd-560a5c4790bf,friar.earth,available,19.98,27.98,medium,low,5,namecheap,,,24/08/2026 20:10
db578694-40af-4c63-8b0f-30a89296de1b,cabot.earth,available,15.96,15.96,medium,low,5,porkbun,,,30/09/2026 08:53
fc96ff05-9811-45a5-8f03-aac0676b1152,lowbred.earth,available,18.99,18.99,low,low,7,namesilo,,,10/08/2026 22:02
15ea5d18-295e-46c9-95d6-9ea60b3445db,beckwith.earth,available,18.99,18.99,medium,low,8,namesilo,,,30/09/2026 04:37
472e62e3-e5bf-4334-9944-5d0f9180babe,rapt.earth,available,18.99,18.99,high,low,4,namesilo,,,14/08/2026 23:50
f7625597-28e0-444c-8a91-11defc2525b4,carthage.earth,available,18.99,18.99,medium,low,8,namesilo,,,25/09/2026 04:02
e71ca472-1f75-4159-8f72-499183a14d1b,skilful.earth,available,18.99,18.99,high,low,7,namesilo,,,21/09/2026 17:29
1e132631-38fd-4dec-9074-a9746cf9653e,homely.earth,available,18.99,18.99,high,low,6,namesilo,,,21/08/2026 11:04
cff578e0-0241-416f-91e5-13c307e4f6f7,skittish.earth,available,18.99,18.99,medium,low,8,namesilo,,,10/09/2026 09:48
7c97e5de-20d0-47b0-9e8c-4ae7a142f91a,unuttered.earth,available,18.99,18.99,medium,low,9,namesilo,,,12/09/2026 09:47
02aff954-af23-4283-a27f-555fbbd23e2f,milch.earth,available,18.99,18.99,medium,low,5,namesilo,,,24/08/2026 22:55